customer_id,signup_date,plan,acquisition_channel,region,company_size,annual_contract,first_30_logins,key_feature_events_30,support_tickets_30,payment_failures_30,onboarding_score_30,duration_days_since_signup,churn_observed,study_end_date
R00001,2024-09-08,Starter,Paid Search,North America,11-50,0,8,6,2,0,65.9,295,0,2025-06-30
R00002,2024-11-06,Starter,Paid Search,APAC,1-10,0,10,1,1,0,62.9,233,1,2025-06-30
R00003,2024-03-27,Starter,Paid Search,APAC,51-200,0,3,3,0,0,51.6,144,1,2025-06-30
R00004,2024-02-08,Growth,Partner,LATAM,1-10,0,8,4,0,0,58.0,508,0,2025-06-30
R00005,2024-12-01,Starter,Organic,North America,11-50,0,9,3,1,1,28.2,211,0,2025-06-30
R00006,2024-06-01,Starter,Paid Search,APAC,1-10,0,2,3,0,0,60.2,214,1,2025-06-30
R00007,2024-04-03,Starter,Paid Search,North America,51-200,1,11,5,2,0,70.2,203,1,2025-06-30
R00008,2024-05-26,Starter,Organic,Europe,11-50,0,7,2,1,0,56.9,138,1,2025-06-30
R00009,2024-01-07,Starter,Organic,North America,11-50,0,9,3,1,0,58.4,265,1,2025-06-30
R00010,2024-01-10,Starter,Paid Search,LATAM,1-10,0,6,2,7,0,18.8,9,1,2025-06-30
R00011,2024-02-23,Growth,Partner,Europe,1-10,0,9,1,0,0,59.9,493,0,2025-06-30
R00012,2024-04-01,Growth,Partner,Europe,11-50,0,4,1,3,0,12.2,51,1,2025-06-30
R00013,2024-05-21,Scale,Paid Search,APAC,201+,1,13,6,3,0,83.2,405,0,2025-06-30
R00014,2024-06-09,Starter,Organic,North America,11-50,0,3,2,0,0,59.7,386,0,2025-06-30
R00015,2024-06-17,Scale,Partner,LATAM,11-50,0,12,4,2,0,48.1,327,1,2025-06-30
R00016,2024-10-15,Growth,Organic,LATAM,11-50,0,5,1,1,0,31.5,67,1,2025-06-30
R00017,2024-12-15,Scale,Partner,Europe,201+,0,9,2,0,0,62.8,197,0,2025-06-30
R00018,2024-11-14,Starter,Outbound,Europe,11-50,0,6,2,3,0,36.3,82,1,2025-06-30
R00019,2024-07-05,Scale,Organic,LATAM,1-10,1,15,8,1,0,81.2,360,0,2025-06-30
R00020,2024-02-20,Growth,Partner,Europe,11-50,0,7,0,0,0,44.0,496,0,2025-06-30
R00021,2024-05-10,Starter,Organic,Europe,51-200,0,6,2,1,0,39.0,130,1,2025-06-30
R00022,2024-08-02,Starter,Organic,Europe,1-10,0,3,3,0,0,34.9,188,1,2025-06-30
R00023,2024-01-08,Growth,Organic,North America,51-200,0,6,5,1,0,58.5,502,1,2025-06-30
R00024,2024-03-31,Growth,Organic,LATAM,1-10,0,12,4,1,0,53.9,456,0,2025-06-30
R00025,2024-09-06,Starter,Partner,Europe,51-200,1,7,4,0,0,51.9,158,1,2025-06-30
R00026,2024-01-02,Starter,Paid Search,LATAM,1-10,0,7,3,2,1,56.0,172,1,2025-06-30
R00027,2024-04-13,Growth,Paid Search,North America,11-50,0,7,1,1,0,37.8,105,1,2025-06-30
R00028,2024-04-25,Scale,Partner,Europe,201+,0,12,3,2,0,40.1,431,0,2025-06-30
R00029,2024-07-10,Starter,Partner,North America,1-10,0,1,1,3,0,39.9,228,1,2025-06-30
R00030,2024-04-03,Starter,Organic,North America,11-50,0,8,5,2,0,64.3,453,0,2025-06-30
R00031,2024-05-18,Scale,Paid Search,Europe,1-10,0,9,4,0,0,61.2,27,1,2025-06-30
R00032,2024-11-10,Growth,Outbound,North America,1-10,0,8,3,2,0,52.1,232,0,2025-06-30
R00033,2024-11-24,Growth,Outbound,North America,201+,0,2,2,0,0,53.8,61,1,2025-06-30
R00034,2024-03-26,Growth,Organic,APAC,1-10,0,10,2,2,0,56.1,358,1,2025-06-30
R00035,2024-12-16,Growth,Outbound,APAC,1-10,0,7,0,1,0,57.8,196,0,2025-06-30
R00036,2024-10-12,Starter,Outbound,Europe,11-50,0,10,1,2,0,47.3,160,1,2025-06-30
R00037,2024-11-02,Starter,Organic,Europe,11-50,0,3,2,1,0,48.7,240,0,2025-06-30
R00038,2024-07-26,Growth,Paid Search,North America,51-200,0,8,2,2,1,35.2,339,0,2025-06-30
R00039,2024-10-23,Starter,Paid Search,Europe,11-50,0,5,4,3,0,45.2,13,1,2025-06-30
R00040,2024-01-27,Starter,Paid Search,North America,1-10,0,4,3,2,0,39.3,136,1,2025-06-30
R00041,2024-02-26,Starter,Paid Search,Europe,11-50,0,6,2,1,0,38.4,311,1,2025-06-30
R00042,2024-04-19,Starter,Paid Search,APAC,51-200,0,7,3,2,0,52.9,356,1,2025-06-30
R00043,2024-11-24,Starter,Outbound,North America,11-50,1,8,2,2,0,59.2,160,1,2025-06-30
R00044,2024-11-02,Growth,Paid Search,APAC,1-10,0,5,0,2,0,32.0,240,0,2025-06-30
R00045,2024-06-04,Scale,Paid Search,LATAM,51-200,1,13,6,1,0,88.3,391,0,2025-06-30
R00046,2024-01-21,Growth,Paid Search,North America,1-10,0,9,4,0,0,71.1,526,0,2025-06-30
R00047,2024-08-24,Starter,Paid Search,Europe,11-50,0,2,2,4,0,14.1,206,1,2025-06-30
R00048,2024-08-20,Starter,Paid Search,Europe,11-50,0,3,2,2,0,43.0,156,1,2025-06-30
R00049,2024-09-28,Starter,Partner,Europe,1-10,0,8,4,1,0,63.2,275,0,2025-06-30
R00050,2024-06-11,Starter,Paid Search,North America,11-50,0,3,2,0,0,49.1,384,0,2025-06-30
R00051,2024-12-06,Growth,Organic,North America,1-10,0,8,1,0,0,54.0,206,0,2025-06-30
R00052,2024-09-30,Growth,Paid Search,North America,11-50,0,17,2,1,1,57.0,273,0,2025-06-30
R00053,2024-09-08,Starter,Organic,North America,1-10,0,7,3,1,0,57.6,35,1,2025-06-30
R00054,2024-05-07,Starter,Organic,Europe,11-50,0,8,5,1,0,60.3,81,1,2025-06-30
R00055,2024-12-14,Growth,Partner,LATAM,11-50,0,11,5,1,0,77.1,198,0,2025-06-30
R00056,2024-05-06,Starter,Paid Search,North America,11-50,0,3,1,1,0,37.7,49,1,2025-06-30
R00057,2024-09-14,Growth,Partner,Europe,51-200,0,16,4,0,1,59.9,289,0,2025-06-30
R00058,2024-01-11,Starter,Paid Search,North America,1-10,0,3,1,1,0,47.7,261,1,2025-06-30
R00059,2024-10-20,Starter,Organic,LATAM,11-50,0,7,4,3,0,42.6,253,0,2025-06-30
R00060,2024-01-17,Scale,Organic,North America,11-50,1,14,6,1,0,78.2,530,0,2025-06-30
R00061,2024-06-29,Growth,Paid Search,APAC,1-10,0,10,3,0,0,63.8,366,0,2025-06-30
R00062,2024-07-24,Scale,Outbound,Europe,51-200,1,13,1,1,0,62.5,341,0,2025-06-30
R00063,2024-11-24,Growth,Organic,North America,1-10,1,12,3,1,0,66.6,218,0,2025-06-30
R00064,2024-03-24,Starter,Paid Search,APAC,11-50,0,3,2,1,0,40.7,70,1,2025-06-30
R00065,2024-08-02,Growth,Organic,APAC,1-10,0,7,4,0,0,59.6,332,0,2025-06-30
R00066,2024-07-27,Starter,Partner,North America,201+,0,7,3,1,0,57.9,171,1,2025-06-30
R00067,2024-09-14,Scale,Organic,LATAM,1-10,0,12,6,0,0,62.2,289,0,2025-06-30
R00068,2024-07-28,Growth,Partner,North America,1-10,0,12,2,0,0,61.3,337,0,2025-06-30
R00069,2024-11-06,Scale,Paid Search,APAC,1-10,0,14,6,2,0,88.8,236,0,2025-06-30
R00070,2024-12-04,Starter,Organic,North America,1-10,0,7,2,2,0,44.3,208,0,2025-06-30
R00071,2024-01-03,Growth,Organic,North America,51-200,0,10,2,0,1,72.0,544,0,2025-06-30
R00072,2024-11-12,Growth,Organic,Europe,51-200,0,6,4,1,0,53.7,230,0,2025-06-30
R00073,2024-03-25,Starter,Organic,North America,201+,0,3,1,1,0,36.1,438,1,2025-06-30
R00074,2024-10-21,Growth,Partner,Europe,51-200,0,11,3,0,0,68.3,252,0,2025-06-30
R00075,2024-11-12,Starter,Paid Search,Europe,1-10,0,5,4,0,0,87.0,144,1,2025-06-30
R00076,2024-02-15,Starter,Paid Search,Europe,1-10,0,3,1,1,0,27.5,410,1,2025-06-30
R00077,2024-01-10,Growth,Paid Search,North America,11-50,0,7,2,0,1,55.2,45,1,2025-06-30
R00078,2024-06-14,Starter,Organic,LATAM,51-200,1,13,2,2,0,63.2,283,1,2025-06-30
R00079,2024-05-30,Starter,Paid Search,Europe,201+,0,2,2,2,0,36.0,40,1,2025-06-30
R00080,2024-02-29,Starter,Organic,Europe,1-10,0,6,2,2,0,38.6,203,1,2025-06-30
R00081,2024-03-21,Growth,Paid Search,North America,51-200,0,8,5,0,1,61.6,322,1,2025-06-30
R00082,2024-03-16,Growth,Partner,North America,1-10,0,10,5,2,0,64.1,63,1,2025-06-30
R00083,2024-11-21,Starter,Organic,Europe,1-10,0,7,3,4,0,13.0,4,1,2025-06-30
R00084,2024-03-13,Starter,Organic,North America,51-200,0,8,2,2,0,43.7,296,1,2025-06-30
R00085,2024-09-05,Starter,Paid Search,North America,51-200,1,3,4,1,0,48.2,298,0,2025-06-30
R00086,2024-01-29,Scale,Outbound,Europe,11-50,0,6,3,1,0,51.3,518,0,2025-06-30
R00087,2024-02-10,Growth,Outbound,North America,51-200,0,6,1,1,0,43.9,506,0,2025-06-30
R00088,2024-07-23,Starter,Outbound,Europe,51-200,1,8,1,2,0,60.3,342,0,2025-06-30
R00089,2024-09-27,Growth,Partner,APAC,51-200,0,7,5,1,0,57.9,276,0,2025-06-30
R00090,2024-01-25,Starter,Organic,North America,51-200,0,7,3,1,0,53.3,223,1,2025-06-30
R00091,2024-11-08,Growth,Organic,Europe,201+,0,12,3,2,0,60.5,234,0,2025-06-30
R00092,2024-06-05,Starter,Paid Search,LATAM,1-10,0,8,1,1,0,53.8,225,1,2025-06-30
R00093,2024-06-24,Starter,Organic,North America,51-200,0,7,4,4,0,37.6,58,1,2025-06-30
R00094,2024-07-27,Starter,Paid Search,North America,1-10,0,12,1,0,0,65.6,338,0,2025-06-30
R00095,2024-12-26,Scale,Paid Search,Europe,11-50,0,10,3,1,1,57.9,186,0,2025-06-30
R00096,2024-03-02,Starter,Organic,Europe,11-50,1,10,4,1,0,76.0,202,1,2025-06-30
R00097,2024-06-03,Starter,Partner,Europe,1-10,0,6,1,0,0,51.1,337,1,2025-06-30
R00098,2024-08-10,Growth,Organic,North America,11-50,0,7,0,1,0,57.3,59,1,2025-06-30
R00099,2024-01-18,Growth,Partner,North America,51-200,0,12,3,0,0,56.0,529,0,2025-06-30
R00100,2024-05-05,Starter,Organic,APAC,11-50,1,3,3,3,0,58.0,215,1,2025-06-30
R00101,2024-08-16,Scale,Paid Search,Europe,51-200,0,10,5,0,0,86.3,318,0,2025-06-30
R00102,2024-03-30,Starter,Organic,APAC,1-10,0,7,4,2,1,58.0,36,1,2025-06-30
R00103,2024-09-04,Scale,Paid Search,North America,11-50,0,9,1,0,0,43.5,299,0,2025-06-30
R00104,2024-10-10,Starter,Organic,Europe,11-50,0,3,3,3,1,25.5,124,1,2025-06-30
R00105,2024-08-15,Starter,Organic,North America,51-200,0,5,2,1,0,53.2,209,1,2025-06-30
R00106,2024-06-19,Growth,Paid Search,North America,11-50,0,11,7,0,1,65.4,40,1,2025-06-30
R00107,2024-08-28,Growth,Paid Search,North America,201+,0,9,3,2,0,52.4,42,1,2025-06-30
R00108,2024-12-02,Growth,Paid Search,North America,1-10,1,15,2,1,0,84.5,210,0,2025-06-30
R00109,2024-12-05,Starter,Paid Search,North America,1-10,0,6,0,1,0,33.8,40,1,2025-06-30
R00110,2024-09-23,Growth,Organic,North America,1-10,0,5,1,0,0,44.5,126,1,2025-06-30
R00111,2024-03-03,Growth,Organic,North America,1-10,0,6,1,0,0,36.6,484,0,2025-06-30
R00112,2024-03-09,Scale,Outbound,North America,1-10,1,19,4,2,0,88.6,22,1,2025-06-30
R00113,2024-08-20,Scale,Paid Search,North America,1-10,0,12,7,1,0,83.9,314,0,2025-06-30
R00114,2024-07-02,Starter,Paid Search,Europe,11-50,0,6,6,0,0,68.1,118,1,2025-06-30
R00115,2024-08-08,Starter,Paid Search,Europe,1-10,0,7,6,3,0,47.6,138,1,2025-06-30
R00116,2024-05-30,Growth,Partner,APAC,1-10,0,7,5,0,0,65.1,396,0,2025-06-30
R00117,2024-01-09,Starter,Organic,North America,51-200,0,3,0,2,0,35.3,36,1,2025-06-30
R00118,2024-06-15,Starter,Paid Search,Europe,11-50,0,7,2,0,0,55.3,199,1,2025-06-30
R00119,2024-11-18,Starter,Organic,APAC,51-200,0,6,0,3,0,20.4,126,1,2025-06-30
R00120,2024-03-27,Starter,Partner,Europe,1-10,1,6,1,1,0,55.6,460,0,2025-06-30
R00121,2024-05-23,Starter,Outbound,North America,1-10,0,9,6,2,0,68.3,38,1,2025-06-30
R00122,2024-09-20,Starter,Outbound,Europe,11-50,0,4,0,2,0,29.5,174,1,2025-06-30
R00123,2024-08-18,Scale,Paid Search,APAC,201+,0,7,3,1,0,51.2,316,0,2025-06-30
R00124,2024-10-18,Growth,Paid Search,Europe,51-200,0,4,2,0,1,31.5,41,1,2025-06-30
R00125,2024-04-01,Starter,Outbound,North America,51-200,0,8,1,3,0,28.2,52,1,2025-06-30
R00126,2024-09-21,Starter,Organic,North America,11-50,0,5,2,1,0,42.1,44,1,2025-06-30
R00127,2024-06-16,Growth,Organic,Europe,1-10,0,6,3,0,0,62.5,379,0,2025-06-30
R00128,2024-10-12,Growth,Organic,Europe,11-50,0,9,7,1,0,79.2,261,0,2025-06-30
R00129,2024-12-23,Growth,Partner,North America,1-10,0,10,3,1,0,68.8,189,0,2025-06-30
R00130,2024-03-12,Starter,Outbound,North America,201+,0,5,5,1,0,57.9,159,1,2025-06-30
R00131,2024-06-30,Starter,Organic,Europe,1-10,0,3,2,3,1,26.0,132,1,2025-06-30
R00132,2024-03-11,Growth,Outbound,Europe,1-10,1,7,2,0,0,63.7,74,1,2025-06-30
R00133,2024-05-07,Scale,Organic,North America,51-200,1,10,2,0,0,62.6,18,1,2025-06-30
R00134,2024-07-23,Starter,Organic,Europe,1-10,0,6,3,1,0,46.8,90,1,2025-06-30
R00135,2024-04-10,Starter,Organic,North America,11-50,0,11,2,5,0,37.4,114,1,2025-06-30
R00136,2024-03-24,Starter,Organic,North America,1-10,0,4,4,5,0,36.5,53,1,2025-06-30
R00137,2024-10-13,Starter,Paid Search,North America,11-50,0,1,0,2,0,32.3,49,1,2025-06-30
R00138,2024-07-17,Starter,Paid Search,LATAM,1-10,1,5,3,3,0,33.4,126,1,2025-06-30
R00139,2024-07-26,Growth,Outbound,LATAM,51-200,0,12,9,0,0,91.9,339,0,2025-06-30
R00140,2024-02-02,Starter,Organic,Europe,11-50,0,3,3,2,0,17.8,159,1,2025-06-30
R00141,2024-08-31,Growth,Paid Search,Europe,11-50,0,8,5,3,0,71.3,303,0,2025-06-30
R00142,2024-11-25,Growth,Paid Search,Europe,11-50,1,11,5,1,0,69.2,59,1,2025-06-30
R00143,2024-11-12,Starter,Paid Search,North America,51-200,0,10,3,2,0,65.7,101,1,2025-06-30
R00144,2024-03-26,Starter,Organic,LATAM,11-50,0,2,2,0,0,34.9,140,1,2025-06-30
R00145,2024-03-08,Growth,Organic,North America,1-10,0,8,2,0,0,78.2,479,0,2025-06-30
R00146,2024-08-07,Starter,Partner,LATAM,201+,0,8,3,3,0,66.9,309,1,2025-06-30
R00147,2024-02-07,Starter,Partner,Europe,11-50,0,3,2,2,0,51.1,126,1,2025-06-30
R00148,2024-09-12,Starter,Paid Search,North America,51-200,0,7,4,1,0,50.8,43,1,2025-06-30
R00149,2024-01-27,Growth,Organic,Europe,1-10,0,5,2,0,0,49.0,367,1,2025-06-30
R00150,2024-05-08,Growth,Paid Search,Europe,51-200,0,8,2,0,0,60.8,418,0,2025-06-30
R00151,2024-07-29,Scale,Organic,APAC,11-50,0,11,5,0,0,73.6,336,0,2025-06-30
R00152,2024-03-29,Starter,Organic,North America,11-50,1,7,1,1,1,49.3,425,1,2025-06-30
R00153,2024-10-21,Starter,Paid Search,North America,51-200,0,4,1,1,0,65.9,252,0,2025-06-30
R00154,2024-02-09,Starter,Partner,North America,11-50,0,3,2,0,1,19.5,168,1,2025-06-30
R00155,2024-02-03,Growth,Organic,North America,11-50,1,9,5,4,0,58.2,513,0,2025-06-30
R00156,2024-06-22,Growth,Outbound,North America,11-50,0,8,1,1,0,64.4,95,1,2025-06-30
R00157,2024-09-05,Growth,Paid Search,North America,51-200,0,6,4,0,0,58.1,298,0,2025-06-30
R00158,2024-05-11,Starter,Outbound,Europe,11-50,0,7,2,1,1,47.7,61,1,2025-06-30
R00159,2024-04-27,Starter,Paid Search,LATAM,11-50,1,5,0,2,1,45.5,194,1,2025-06-30
R00160,2024-08-03,Scale,Organic,Europe,11-50,1,9,12,0,0,99.2,331,0,2025-06-30
R00161,2024-10-13,Growth,Paid Search,North America,1-10,0,8,5,1,0,66.6,260,0,2025-06-30
R00162,2024-12-16,Starter,Partner,North America,1-10,0,6,6,1,0,73.2,76,1,2025-06-30
R00163,2024-11-18,Scale,Organic,Europe,201+,1,13,5,1,0,81.0,224,0,2025-06-30
R00164,2024-06-26,Growth,Paid Search,APAC,1-10,1,11,2,0,0,73.5,369,0,2025-06-30
R00165,2024-04-29,Scale,Organic,LATAM,1-10,1,13,2,1,0,64.3,427,0,2025-06-30
R00166,2024-12-07,Growth,Paid Search,North America,11-50,0,11,4,0,0,66.9,205,0,2025-06-30
R00167,2024-08-17,Starter,Paid Search,North America,201+,1,9,7,0,0,96.2,317,0,2025-06-30
R00168,2024-01-29,Starter,Organic,North America,1-10,0,6,2,2,0,26.8,60,1,2025-06-30
R00169,2024-03-15,Growth,Outbound,LATAM,11-50,0,9,3,0,0,72.0,472,0,2025-06-30
R00170,2024-10-05,Starter,Partner,APAC,201+,0,8,2,2,0,41.9,246,1,2025-06-30
R00171,2024-08-18,Starter,Paid Search,Europe,201+,0,10,4,0,0,56.9,316,0,2025-06-30
R00172,2024-02-29,Starter,Paid Search,North America,1-10,1,3,0,0,0,44.1,487,0,2025-06-30
R00173,2024-08-09,Starter,Paid Search,APAC,1-10,1,5,4,0,0,74.5,325,0,2025-06-30
R00174,2024-12-07,Starter,Organic,APAC,11-50,0,5,3,3,0,41.4,205,0,2025-06-30
R00175,2024-12-05,Starter,Paid Search,LATAM,11-50,0,6,2,2,0,28.4,29,1,2025-06-30
R00176,2024-10-06,Starter,Paid Search,Europe,1-10,0,3,3,3,0,50.2,166,1,2025-06-30
R00177,2024-05-01,Growth,Outbound,Europe,11-50,0,13,3,1,0,55.5,425,0,2025-06-30
R00178,2024-01-03,Growth,Outbound,APAC,1-10,0,6,5,1,0,53.9,544,0,2025-06-30
R00179,2024-09-04,Starter,Paid Search,North America,11-50,0,2,2,2,0,37.5,48,1,2025-06-30
R00180,2024-10-24,Growth,Paid Search,APAC,1-10,0,6,6,1,0,72.0,137,1,2025-06-30
R00181,2024-08-16,Growth,Paid Search,LATAM,11-50,0,5,0,4,0,21.7,96,1,2025-06-30
R00182,2024-05-10,Starter,Outbound,North America,1-10,0,4,2,0,1,51.1,92,1,2025-06-30
R00183,2024-04-17,Starter,Paid Search,North America,11-50,0,4,2,0,0,49.3,119,1,2025-06-30
R00184,2024-09-07,Growth,Outbound,APAC,1-10,0,7,0,1,0,41.7,117,1,2025-06-30
R00185,2024-02-04,Starter,Organic,Europe,1-10,1,6,4,0,0,63.6,512,0,2025-06-30
R00186,2024-05-01,Growth,Organic,APAC,51-200,0,12,4,0,0,84.5,425,0,2025-06-30
R00187,2024-06-29,Growth,Organic,North America,51-200,0,9,1,1,0,37.0,366,0,2025-06-30
R00188,2024-08-14,Starter,Organic,LATAM,11-50,0,10,7,2,0,68.7,237,1,2025-06-30
R00189,2024-06-23,Starter,Paid Search,North America,11-50,0,3,1,0,0,38.4,82,1,2025-06-30
R00190,2024-09-27,Starter,Paid Search,Europe,1-10,1,11,3,4,0,72.9,165,1,2025-06-30
R00191,2024-08-31,Growth,Paid Search,Europe,51-200,0,9,1,0,0,52.2,303,0,2025-06-30
R00192,2024-04-24,Starter,Paid Search,APAC,11-50,0,9,4,0,0,70.6,432,0,2025-06-30
R00193,2024-05-21,Starter,Organic,APAC,51-200,0,6,3,1,0,66.2,404,1,2025-06-30
R00194,2024-05-26,Growth,Outbound,North America,1-10,0,15,2,1,1,61.5,400,0,2025-06-30
R00195,2024-10-11,Growth,Paid Search,Europe,1-10,0,5,5,2,0,45.4,262,0,2025-06-30
R00196,2024-08-14,Growth,Paid Search,Europe,11-50,0,14,1,1,0,67.1,320,0,2025-06-30
R00197,2024-06-21,Starter,Organic,APAC,201+,0,6,3,1,0,66.0,40,1,2025-06-30
R00198,2024-12-11,Growth,Paid Search,Europe,11-50,0,11,3,2,0,56.8,201,0,2025-06-30
R00199,2024-11-11,Growth,Outbound,North America,1-10,0,8,3,2,0,57.8,67,1,2025-06-30
R00200,2024-07-25,Starter,Partner,Europe,201+,1,1,2,3,0,34.7,79,1,2025-06-30
R00201,2024-04-23,Starter,Paid Search,North America,51-200,0,6,2,1,0,56.0,249,1,2025-06-30
R00202,2024-09-26,Growth,Paid Search,Europe,1-10,0,4,2,0,1,20.8,71,1,2025-06-30
R00203,2024-04-26,Growth,Outbound,North America,11-50,0,10,2,1,0,67.2,430,0,2025-06-30
R00204,2024-11-25,Starter,Paid Search,LATAM,1-10,0,3,2,0,1,48.1,217,0,2025-06-30
R00205,2024-08-31,Starter,Organic,North America,11-50,1,10,1,2,0,60.6,104,1,2025-06-30
R00206,2024-12-08,Starter,Partner,Europe,1-10,0,4,3,2,0,29.9,42,1,2025-06-30
R00207,2024-06-28,Scale,Outbound,Europe,1-10,0,9,3,0,0,38.8,367,0,2025-06-30
R00208,2024-07-18,Starter,Organic,North America,11-50,0,3,2,4,0,14.5,145,1,2025-06-30
R00209,2024-05-07,Starter,Partner,Europe,11-50,0,8,1,2,0,48.6,8,1,2025-06-30
R00210,2024-11-25,Growth,Paid Search,Europe,1-10,0,13,13,1,0,93.6,217,0,2025-06-30
R00211,2024-11-15,Starter,Paid Search,North America,11-50,0,6,2,2,0,44.0,34,1,2025-06-30
R00212,2024-04-28,Growth,Organic,North America,11-50,0,12,2,0,0,62.0,426,1,2025-06-30
R00213,2024-12-24,Growth,Organic,Europe,1-10,0,10,4,0,0,72.1,188,0,2025-06-30
R00214,2024-07-05,Starter,Partner,Europe,51-200,0,4,2,3,0,19.2,174,1,2025-06-30
R00215,2024-10-08,Scale,Partner,North America,11-50,1,13,5,0,0,75.2,265,0,2025-06-30
R00216,2024-03-28,Starter,Organic,North America,11-50,1,7,2,2,0,55.5,459,0,2025-06-30
R00217,2024-05-11,Starter,Outbound,Europe,1-10,0,8,0,1,0,29.5,415,0,2025-06-30
R00218,2024-10-11,Starter,Partner,Europe,1-10,0,5,0,3,0,19.7,35,1,2025-06-30
R00219,2024-08-02,Growth,Paid Search,Europe,11-50,0,6,2,0,0,51.9,332,0,2025-06-30
R00220,2024-08-05,Starter,Paid Search,LATAM,11-50,0,6,2,3,0,49.4,148,1,2025-06-30
R00221,2024-10-13,Starter,Paid Search,North America,1-10,0,6,2,4,0,27.6,13,1,2025-06-30
R00222,2024-12-26,Scale,Organic,LATAM,1-10,0,13,3,0,0,66.8,186,0,2025-06-30
R00223,2024-07-20,Growth,Organic,North America,11-50,0,13,3,2,0,61.7,303,1,2025-06-30
R00224,2024-08-29,Starter,Paid Search,Europe,51-200,0,2,0,1,0,35.2,86,1,2025-06-30
R00225,2024-08-25,Starter,Paid Search,North America,11-50,0,5,3,2,0,42.2,173,1,2025-06-30
R00226,2024-05-28,Growth,Organic,APAC,51-200,0,9,2,0,0,47.1,376,1,2025-06-30
R00227,2024-03-08,Starter,Paid Search,Europe,11-50,0,8,4,3,0,51.5,398,1,2025-06-30
R00228,2024-06-20,Growth,Paid Search,LATAM,1-10,0,12,4,2,0,57.8,375,0,2025-06-30
R00229,2024-04-17,Growth,Paid Search,North America,11-50,0,10,3,0,1,62.6,439,0,2025-06-30
R00230,2024-01-11,Starter,Organic,North America,1-10,0,7,3,3,0,30.3,491,1,2025-06-30
R00231,2024-03-01,Starter,Organic,North America,1-10,0,6,4,2,0,39.0,35,1,2025-06-30
R00232,2024-01-13,Scale,Organic,Europe,11-50,1,17,6,0,0,92.1,16,1,2025-06-30
R00233,2024-12-12,Starter,Partner,Europe,11-50,0,7,3,1,0,61.3,200,0,2025-06-30
R00234,2024-05-02,Growth,Organic,Europe,1-10,0,6,3,0,1,35.0,155,1,2025-06-30
R00235,2024-09-24,Growth,Paid Search,North America,1-10,1,15,3,1,1,77.6,279,0,2025-06-30
R00236,2024-05-29,Starter,Organic,Europe,11-50,0,6,3,1,0,46.1,52,1,2025-06-30
R00237,2024-04-02,Starter,Organic,Europe,1-10,0,4,0,0,0,51.2,102,1,2025-06-30
R00238,2024-09-11,Starter,Organic,LATAM,11-50,1,7,4,1,1,69.8,292,0,2025-06-30
R00239,2024-06-15,Growth,Organic,APAC,1-10,1,5,1,1,0,64.1,380,0,2025-06-30
R00240,2024-04-14,Starter,Organic,North America,51-200,0,4,3,4,0,21.3,83,1,2025-06-30
R00241,2024-07-31,Starter,Paid Search,North America,51-200,1,8,6,1,0,83.0,266,1,2025-06-30
R00242,2024-08-20,Starter,Organic,Europe,51-200,0,8,2,0,0,77.0,314,0,2025-06-30
R00243,2024-12-08,Growth,Partner,LATAM,11-50,0,7,3,2,0,55.1,204,0,2025-06-30
R00244,2024-07-09,Starter,Paid Search,North America,51-200,0,5,3,1,1,62.4,89,1,2025-06-30
R00245,2024-12-21,Growth,Organic,North America,11-50,0,7,2,0,0,55.8,191,0,2025-06-30
R00246,2024-12-03,Starter,Paid Search,Europe,11-50,0,4,7,2,0,48.6,97,1,2025-06-30
R00247,2024-09-02,Starter,Outbound,Europe,1-10,0,5,1,0,0,60.0,60,1,2025-06-30
R00248,2024-09-24,Scale,Outbound,North America,1-10,1,11,3,1,1,62.8,279,0,2025-06-30
R00249,2024-10-02,Scale,Outbound,Europe,1-10,0,10,3,2,0,50.2,271,0,2025-06-30
R00250,2024-11-18,Growth,Organic,LATAM,11-50,0,11,5,1,0,69.9,224,0,2025-06-30
R00251,2024-04-08,Starter,Partner,North America,51-200,0,8,3,1,2,34.7,374,1,2025-06-30
R00252,2024-08-14,Starter,Organic,Europe,11-50,0,6,3,3,0,32.8,186,1,2025-06-30
R00253,2024-04-06,Growth,Organic,North America,1-10,0,9,2,0,0,55.5,450,0,2025-06-30
R00254,2024-04-04,Starter,Outbound,Europe,1-10,1,7,3,1,0,51.2,452,0,2025-06-30
R00255,2024-10-28,Starter,Organic,Europe,1-10,0,6,6,1,0,40.9,11,1,2025-06-30
R00256,2024-09-14,Starter,Paid Search,Europe,11-50,0,5,2,3,0,35.3,40,1,2025-06-30
R00257,2024-07-12,Starter,Organic,Europe,11-50,0,5,4,1,0,37.2,25,1,2025-06-30
R00258,2024-07-31,Starter,Organic,North America,1-10,0,3,1,4,0,28.0,173,1,2025-06-30
R00259,2024-10-08,Starter,Organic,Europe,1-10,1,11,5,0,0,90.2,156,1,2025-06-30
R00260,2024-02-27,Growth,Organic,North America,1-10,0,5,3,1,0,48.3,489,0,2025-06-30
R00261,2024-04-17,Scale,Outbound,Europe,1-10,0,13,5,0,0,76.8,439,0,2025-06-30
R00262,2024-04-11,Growth,Organic,Europe,1-10,0,9,3,0,0,72.0,445,0,2025-06-30
R00263,2024-07-11,Scale,Organic,North America,51-200,0,12,6,1,0,72.0,354,0,2025-06-30
R00264,2024-02-06,Growth,Outbound,North America,51-200,1,13,5,1,0,84.0,510,0,2025-06-30
R00265,2024-06-10,Starter,Outbound,North America,1-10,0,5,2,1,1,35.6,31,1,2025-06-30
R00266,2024-03-09,Growth,Outbound,Europe,1-10,1,5,1,3,0,44.7,106,1,2025-06-30
R00267,2024-11-04,Starter,Paid Search,APAC,1-10,1,13,4,1,1,84.3,238,0,2025-06-30
R00268,2024-02-06,Starter,Organic,APAC,11-50,1,6,1,3,0,43.6,510,0,2025-06-30
R00269,2024-09-02,Starter,Organic,LATAM,11-50,1,12,3,3,0,59.0,301,0,2025-06-30
R00270,2024-08-17,Growth,Organic,Europe,11-50,0,9,4,1,0,60.3,177,1,2025-06-30
R00271,2024-03-18,Starter,Paid Search,North America,51-200,0,4,2,2,0,38.8,14,1,2025-06-30
R00272,2024-02-08,Scale,Paid Search,APAC,1-10,0,10,4,1,0,63.8,297,1,2025-06-30
R00273,2024-01-08,Growth,Partner,Europe,11-50,1,7,3,0,0,75.8,539,0,2025-06-30
R00274,2024-10-25,Growth,Partner,APAC,51-200,0,9,0,0,0,56.4,248,0,2025-06-30
R00275,2024-09-01,Growth,Paid Search,North America,1-10,0,9,3,0,1,54.9,302,0,2025-06-30
R00276,2024-08-11,Starter,Paid Search,Europe,11-50,0,2,1,1,0,27.7,253,1,2025-06-30
R00277,2024-06-19,Starter,Organic,LATAM,1-10,0,7,1,2,1,21.2,155,1,2025-06-30
R00278,2024-07-05,Growth,Organic,North America,11-50,0,13,5,0,0,73.9,360,0,2025-06-30
R00279,2024-04-06,Scale,Partner,Europe,1-10,1,15,11,0,0,100.0,450,0,2025-06-30
R00280,2024-02-09,Growth,Organic,APAC,11-50,0,4,1,0,0,51.2,507,0,2025-06-30
R00281,2024-10-16,Starter,Partner,Europe,51-200,0,7,2,2,0,42.7,257,0,2025-06-30
R00282,2024-09-03,Starter,Outbound,Europe,11-50,0,7,4,0,0,63.5,164,1,2025-06-30
R00283,2024-07-24,Starter,Paid Search,North America,51-200,0,5,7,4,0,41.4,174,1,2025-06-30
R00284,2024-01-25,Starter,Organic,Europe,1-10,0,5,3,1,0,49.3,522,0,2025-06-30
R00285,2024-09-17,Starter,Paid Search,North America,11-50,0,5,2,1,1,47.2,67,1,2025-06-30
R00286,2024-10-09,Starter,Partner,LATAM,51-200,1,3,2,1,0,61.5,5,1,2025-06-30
R00287,2024-08-16,Starter,Paid Search,APAC,51-200,0,4,1,2,0,39.6,118,1,2025-06-30
R00288,2024-06-23,Starter,Organic,LATAM,1-10,1,12,3,3,0,66.7,372,0,2025-06-30
R00289,2024-11-08,Starter,Paid Search,North America,1-10,1,7,0,0,0,66.3,234,0,2025-06-30
R00290,2024-08-18,Starter,Partner,Europe,11-50,1,6,1,0,0,60.4,316,0,2025-06-30
R00291,2024-12-15,Scale,Outbound,LATAM,1-10,1,13,5,0,0,85.9,197,0,2025-06-30
R00292,2024-01-25,Starter,Partner,Europe,11-50,1,7,3,2,0,54.5,522,0,2025-06-30
R00293,2024-07-12,Growth,Outbound,LATAM,11-50,0,13,2,2,0,75.0,100,1,2025-06-30
R00294,2024-09-17,Growth,Paid Search,Europe,1-10,1,9,3,0,0,74.1,286,0,2025-06-30
R00295,2024-10-01,Scale,Paid Search,APAC,1-10,0,14,8,1,0,84.5,272,0,2025-06-30
R00296,2024-03-02,Starter,Paid Search,North America,1-10,0,4,1,0,0,34.4,168,1,2025-06-30
R00297,2024-08-21,Starter,Paid Search,Europe,201+,0,5,0,1,0,37.0,59,1,2025-06-30
R00298,2024-01-08,Starter,Organic,Europe,11-50,0,7,3,2,0,41.2,140,1,2025-06-30
R00299,2024-07-06,Scale,Paid Search,LATAM,1-10,1,10,6,0,2,41.8,109,1,2025-06-30
R00300,2024-09-19,Growth,Outbound,APAC,1-10,0,9,3,0,0,63.8,284,0,2025-06-30
R00301,2024-07-10,Starter,Organic,North America,11-50,0,6,2,0,0,51.6,209,1,2025-06-30
R00302,2024-07-08,Scale,Organic,North America,1-10,1,9,8,0,0,83.3,357,0,2025-06-30
R00303,2024-11-24,Growth,Partner,Europe,11-50,1,12,5,0,0,76.8,218,0,2025-06-30
R00304,2024-05-06,Growth,Partner,APAC,11-50,0,13,3,2,0,58.1,420,0,2025-06-30
R00305,2024-01-20,Starter,Paid Search,North America,11-50,0,2,1,0,0,33.9,162,1,2025-06-30
R00306,2024-12-17,Growth,Outbound,North America,1-10,0,6,0,2,0,52.5,195,0,2025-06-30
R00307,2024-04-25,Starter,Organic,North America,11-50,0,3,2,1,0,58.5,267,1,2025-06-30
R00308,2024-04-23,Starter,Outbound,North America,11-50,0,5,1,2,0,42.4,323,1,2025-06-30
R00309,2024-03-18,Growth,Organic,Europe,51-200,0,6,2,0,0,61.8,469,0,2025-06-30
R00310,2024-05-11,Starter,Paid Search,APAC,1-10,0,5,4,2,1,36.8,64,1,2025-06-30
R00311,2024-06-27,Growth,Paid Search,North America,11-50,0,9,2,2,0,53.5,45,1,2025-06-30
R00312,2024-03-15,Growth,Paid Search,APAC,11-50,1,8,4,0,0,71.3,472,0,2025-06-30
R00313,2024-08-09,Growth,Paid Search,Europe,1-10,0,7,2,1,1,38.1,47,1,2025-06-30
R00314,2024-02-27,Growth,Paid Search,Europe,1-10,0,9,3,0,0,47.7,103,1,2025-06-30
R00315,2024-07-18,Scale,Partner,Europe,11-50,0,11,4,1,0,75.3,347,0,2025-06-30
R00316,2024-03-01,Scale,Outbound,North America,1-10,0,7,0,0,0,53.4,486,0,2025-06-30
R00317,2024-01-26,Growth,Organic,LATAM,11-50,0,17,5,4,0,69.9,253,1,2025-06-30
R00318,2024-09-04,Growth,Organic,LATAM,11-50,0,7,2,0,0,43.9,31,1,2025-06-30
R00319,2024-01-12,Growth,Paid Search,North America,1-10,0,12,3,0,0,61.3,535,0,2025-06-30
R00320,2024-12-24,Growth,Organic,North America,11-50,0,8,5,1,0,67.5,188,0,2025-06-30
R00321,2024-09-28,Starter,Outbound,Europe,1-10,0,9,6,2,0,61.7,275,0,2025-06-30
R00322,2024-02-04,Starter,Partner,Europe,1-10,0,4,2,1,0,41.3,152,1,2025-06-30
R00323,2024-09-17,Starter,Paid Search,North America,11-50,0,6,4,0,1,52.6,172,1,2025-06-30
R00324,2024-10-02,Scale,Paid Search,Europe,11-50,0,12,2,0,0,68.0,159,1,2025-06-30
R00325,2024-03-19,Scale,Paid Search,North America,11-50,0,15,9,1,1,68.9,468,0,2025-06-30
R00326,2024-07-31,Growth,Partner,Europe,1-10,0,6,4,2,0,52.1,220,1,2025-06-30
R00327,2024-07-16,Scale,Partner,Europe,11-50,0,6,5,0,0,74.2,349,0,2025-06-30
R00328,2024-08-05,Growth,Paid Search,Europe,51-200,0,8,1,2,0,39.2,329,0,2025-06-30
R00329,2024-03-13,Growth,Organic,Europe,1-10,0,10,7,1,1,58.8,78,1,2025-06-30
R00330,2024-05-27,Growth,Paid Search,North America,51-200,0,6,2,1,0,48.7,399,0,2025-06-30
R00331,2024-12-04,Starter,Paid Search,North America,201+,0,4,4,1,0,48.4,85,1,2025-06-30
R00332,2024-02-16,Scale,Organic,Europe,51-200,0,15,8,3,0,76.9,500,0,2025-06-30
R00333,2024-01-17,Scale,Organic,LATAM,51-200,0,9,2,0,0,69.2,530,0,2025-06-30
R00334,2024-05-30,Starter,Organic,Europe,51-200,0,4,4,5,0,31.1,162,1,2025-06-30
R00335,2024-11-25,Growth,Organic,Europe,11-50,0,5,1,0,0,48.6,217,0,2025-06-30
R00336,2024-05-21,Growth,Outbound,Europe,1-10,0,3,2,0,0,51.5,405,0,2025-06-30
R00337,2024-05-24,Growth,Organic,APAC,11-50,0,3,0,0,1,18.9,46,1,2025-06-30
R00338,2024-10-09,Starter,Outbound,APAC,1-10,0,6,2,1,0,41.5,101,1,2025-06-30
R00339,2024-03-28,Growth,Paid Search,LATAM,1-10,0,4,3,3,0,47.0,131,1,2025-06-30
R00340,2024-01-22,Starter,Partner,North America,1-10,1,7,6,4,0,70.7,525,0,2025-06-30
R00341,2024-06-21,Starter,Partner,North America,11-50,0,6,2,2,0,47.9,374,0,2025-06-30
R00342,2024-04-25,Growth,Outbound,North America,1-10,0,4,3,0,0,49.1,431,0,2025-06-30
R00343,2024-11-10,Growth,Partner,Europe,1-10,0,10,4,0,0,84.9,232,0,2025-06-30
R00344,2024-06-13,Starter,Outbound,LATAM,11-50,0,1,0,0,0,26.0,27,1,2025-06-30
R00345,2024-06-24,Starter,Partner,North America,11-50,0,9,3,0,0,71.8,371,0,2025-06-30
R00346,2024-12-07,Scale,Organic,North America,11-50,0,8,4,1,1,53.5,205,0,2025-06-30
R00347,2024-01-25,Starter,Organic,LATAM,201+,0,6,4,2,0,55.3,415,1,2025-06-30
R00348,2024-06-14,Growth,Paid Search,Europe,11-50,0,10,2,1,0,31.6,37,1,2025-06-30
R00349,2024-04-28,Starter,Outbound,Europe,1-10,1,7,4,0,0,69.8,428,0,2025-06-30
R00350,2024-09-06,Starter,Partner,APAC,11-50,1,10,3,1,0,92.3,297,0,2025-06-30
R00351,2024-08-24,Growth,Organic,Europe,11-50,0,1,0,1,0,44.7,310,0,2025-06-30
R00352,2024-12-20,Scale,Paid Search,North America,201+,0,18,10,0,0,100.0,192,0,2025-06-30
R00353,2024-08-10,Starter,Paid Search,Europe,201+,0,6,2,4,0,25.0,66,1,2025-06-30
R00354,2024-01-17,Starter,Paid Search,Europe,11-50,1,7,6,2,0,59.1,60,1,2025-06-30
R00355,2024-08-24,Growth,Paid Search,Europe,11-50,0,7,4,2,0,55.4,125,1,2025-06-30
R00356,2024-02-24,Growth,Organic,North America,1-10,0,14,4,2,0,63.6,492,0,2025-06-30
R00357,2024-09-11,Growth,Partner,North America,1-10,0,3,2,0,0,58.6,292,0,2025-06-30
R00358,2024-11-16,Scale,Paid Search,Europe,11-50,0,8,8,0,0,69.9,226,0,2025-06-30
R00359,2024-10-17,Starter,Organic,Europe,11-50,1,6,3,1,0,47.4,256,0,2025-06-30
R00360,2024-03-02,Starter,Outbound,APAC,1-10,0,2,2,1,0,58.8,485,0,2025-06-30
R00361,2024-05-23,Starter,Paid Search,North America,11-50,0,0,0,2,0,26.2,172,1,2025-06-30
R00362,2024-08-26,Starter,Paid Search,APAC,1-10,1,5,4,1,0,60.5,308,0,2025-06-30
R00363,2024-03-06,Growth,Organic,APAC,1-10,0,7,5,1,0,77.0,481,0,2025-06-30
R00364,2024-11-27,Growth,Organic,North America,201+,0,7,6,0,0,67.0,215,0,2025-06-30
R00365,2024-11-07,Starter,Partner,North America,11-50,0,7,4,0,0,58.4,8,1,2025-06-30
R00366,2024-12-02,Growth,Organic,LATAM,1-10,0,8,1,2,1,34.4,210,0,2025-06-30
R00367,2024-06-05,Starter,Organic,North America,11-50,0,3,2,2,0,39.9,345,1,2025-06-30
R00368,2024-12-28,Starter,Organic,North America,11-50,1,12,3,1,0,58.5,184,0,2025-06-30
R00369,2024-07-11,Growth,Outbound,North America,1-10,0,7,3,0,0,58.4,354,0,2025-06-30
R00370,2024-02-29,Growth,Organic,APAC,201+,0,9,1,1,0,37.9,162,1,2025-06-30
R00371,2024-09-17,Starter,Organic,North America,11-50,0,3,3,2,0,40.5,225,1,2025-06-30
R00372,2024-10-22,Starter,Paid Search,North America,11-50,0,7,2,0,0,51.6,33,1,2025-06-30
R00373,2024-03-24,Growth,Outbound,APAC,11-50,0,7,2,0,0,47.7,463,0,2025-06-30
R00374,2024-09-03,Growth,Outbound,APAC,1-10,0,8,2,3,0,43.5,285,1,2025-06-30
R00375,2024-12-26,Starter,Organic,North America,51-200,0,9,6,0,0,77.8,186,0,2025-06-30
R00376,2024-03-11,Starter,Paid Search,Europe,201+,0,5,1,0,0,49.5,300,1,2025-06-30
R00377,2024-05-28,Starter,Organic,North America,1-10,0,9,4,0,0,76.8,398,0,2025-06-30
R00378,2024-02-08,Starter,Paid Search,LATAM,51-200,0,5,2,1,0,44.6,62,1,2025-06-30
R00379,2024-04-16,Starter,Paid Search,North America,1-10,0,3,0,4,0,27.7,141,1,2025-06-30
R00380,2024-06-14,Growth,Organic,North America,1-10,0,9,0,0,0,54.8,381,0,2025-06-30
R00381,2024-01-26,Growth,Paid Search,North America,1-10,0,9,3,0,1,49.1,146,1,2025-06-30
R00382,2024-12-22,Starter,Partner,North America,1-10,1,6,1,3,0,26.3,173,1,2025-06-30
R00383,2024-06-22,Scale,Paid Search,LATAM,11-50,1,7,5,1,1,60.1,373,0,2025-06-30
R00384,2024-08-15,Starter,Partner,North America,51-200,0,2,0,4,1,4.4,45,1,2025-06-30
R00385,2024-10-29,Starter,Paid Search,North America,51-200,0,5,3,1,0,56.5,198,1,2025-06-30
R00386,2024-02-07,Starter,Outbound,LATAM,1-10,0,3,3,1,0,27.3,199,1,2025-06-30
R00387,2024-04-05,Starter,Partner,APAC,1-10,0,6,4,1,0,55.2,102,1,2025-06-30
R00388,2024-04-06,Scale,Organic,North America,51-200,0,12,7,0,0,66.2,450,0,2025-06-30
R00389,2024-05-15,Starter,Partner,Europe,11-50,0,7,3,3,0,46.8,56,1,2025-06-30
R00390,2024-04-03,Starter,Paid Search,LATAM,1-10,1,11,6,2,0,63.3,453,0,2025-06-30
R00391,2024-01-22,Starter,Paid Search,LATAM,11-50,0,6,1,1,1,47.4,152,1,2025-06-30
R00392,2024-04-15,Scale,Organic,Europe,11-50,0,8,4,0,0,70.1,441,0,2025-06-30
R00393,2024-07-18,Starter,Organic,North America,51-200,0,3,3,3,0,33.8,26,1,2025-06-30
R00394,2024-06-07,Starter,Paid Search,North America,1-10,0,8,6,1,0,72.9,388,0,2025-06-30
R00395,2024-06-18,Starter,Paid Search,North America,1-10,0,4,0,0,0,39.9,129,1,2025-06-30
R00396,2024-10-09,Scale,Paid Search,LATAM,11-50,0,11,3,0,0,68.8,264,0,2025-06-30
R00397,2024-04-07,Growth,Paid Search,Europe,11-50,0,5,3,0,0,57.2,255,1,2025-06-30
R00398,2024-02-22,Growth,Paid Search,North America,11-50,0,9,3,1,0,69.8,428,1,2025-06-30
R00399,2024-12-03,Starter,Partner,LATAM,11-50,1,10,3,3,0,57.9,168,1,2025-06-30
R00400,2024-10-14,Starter,Outbound,North America,1-10,0,5,2,2,0,33.5,241,1,2025-06-30
R00401,2024-08-12,Starter,Organic,North America,1-10,1,4,2,2,0,22.0,118,1,2025-06-30
R00402,2024-11-28,Starter,Paid Search,LATAM,11-50,1,10,4,4,0,57.7,48,1,2025-06-30
R00403,2024-06-27,Starter,Partner,North America,1-10,0,6,2,4,0,27.1,340,1,2025-06-30
R00404,2024-05-16,Scale,Organic,Europe,1-10,1,8,10,1,0,86.5,410,0,2025-06-30
R00405,2024-12-03,Starter,Paid Search,North America,1-10,0,7,2,3,0,44.3,115,1,2025-06-30
R00406,2024-10-10,Starter,Partner,North America,1-10,0,3,2,2,0,31.8,263,0,2025-06-30
R00407,2024-06-16,Scale,Partner,Europe,1-10,0,6,4,1,0,43.2,379,0,2025-06-30
R00408,2024-05-16,Scale,Paid Search,APAC,11-50,0,7,7,0,1,48.4,410,0,2025-06-30
R00409,2024-02-28,Starter,Organic,North America,1-10,0,10,3,4,0,30.9,330,1,2025-06-30
R00410,2024-09-04,Scale,Outbound,North America,11-50,0,8,6,1,1,64.4,299,0,2025-06-30
R00411,2024-03-14,Starter,Partner,LATAM,11-50,0,2,3,4,0,23.1,73,1,2025-06-30
R00412,2024-07-29,Scale,Organic,North America,11-50,1,10,6,1,0,77.1,336,0,2025-06-30
R00413,2024-06-01,Growth,Organic,Europe,11-50,0,7,6,1,0,67.8,394,0,2025-06-30
R00414,2024-08-11,Growth,Organic,North America,201+,0,9,2,0,1,45.8,323,0,2025-06-30
R00415,2024-12-23,Growth,Outbound,LATAM,1-10,0,9,1,1,0,43.3,189,0,2025-06-30
R00416,2024-04-19,Scale,Organic,North America,11-50,0,10,3,1,0,71.0,437,0,2025-06-30
R00417,2024-02-19,Scale,Organic,Europe,51-200,0,10,2,0,0,61.5,156,1,2025-06-30
R00418,2024-06-10,Starter,Partner,APAC,11-50,0,5,3,1,0,65.6,188,1,2025-06-30
R00419,2024-11-28,Scale,Organic,APAC,51-200,1,9,5,1,0,87.3,214,0,2025-06-30
R00420,2024-08-03,Scale,Partner,LATAM,11-50,0,6,9,0,0,68.9,331,0,2025-06-30
R00421,2024-09-04,Growth,Organic,North America,1-10,0,15,4,0,0,86.8,299,0,2025-06-30
R00422,2024-11-05,Growth,Partner,North America,201+,1,9,1,0,0,67.3,237,0,2025-06-30
R00423,2024-06-02,Starter,Paid Search,APAC,51-200,0,3,1,1,1,40.7,98,1,2025-06-30
R00424,2024-01-18,Scale,Outbound,APAC,1-10,1,12,5,1,2,49.7,529,0,2025-06-30
R00425,2024-06-13,Starter,Organic,APAC,51-200,0,7,4,4,0,36.2,229,1,2025-06-30
R00426,2024-06-17,Growth,Organic,LATAM,51-200,0,3,2,2,1,21.6,126,1,2025-06-30
R00427,2024-02-08,Growth,Paid Search,North America,1-10,1,14,7,0,0,100.0,508,0,2025-06-30
R00428,2024-12-25,Starter,Organic,Europe,1-10,0,11,3,0,0,44.2,63,1,2025-06-30
R00429,2024-08-16,Growth,Organic,Europe,1-10,0,8,1,1,0,65.6,318,0,2025-06-30
R00430,2024-02-26,Scale,Outbound,Europe,201+,0,10,5,1,1,48.5,216,1,2025-06-30
R00431,2024-01-16,Scale,Partner,North America,11-50,0,12,3,0,0,70.5,531,0,2025-06-30
R00432,2024-10-10,Starter,Organic,LATAM,1-10,1,10,3,1,0,67.2,263,0,2025-06-30
R00433,2024-04-11,Starter,Outbound,North America,1-10,0,2,0,2,0,42.6,196,1,2025-06-30
R00434,2024-04-11,Starter,Outbound,North America,1-10,0,5,1,5,0,19.9,66,1,2025-06-30
R00435,2024-07-28,Growth,Organic,Europe,11-50,0,4,2,0,1,22.9,7,1,2025-06-30
R00436,2024-09-01,Growth,Paid Search,LATAM,1-10,0,7,4,1,0,48.5,302,0,2025-06-30
R00437,2024-02-08,Growth,Paid Search,Europe,11-50,0,10,5,3,0,52.1,508,0,2025-06-30
R00438,2024-10-08,Growth,Paid Search,North America,1-10,0,9,1,2,1,28.7,85,1,2025-06-30
R00439,2024-11-11,Growth,Organic,LATAM,201+,0,9,6,1,0,73.8,231,0,2025-06-30
R00440,2024-03-02,Starter,Partner,APAC,1-10,0,4,6,0,0,43.1,485,0,2025-06-30
R00441,2024-12-28,Starter,Paid Search,North America,51-200,0,4,1,2,0,45.7,161,1,2025-06-30
R00442,2024-07-18,Starter,Outbound,Europe,11-50,0,6,2,2,0,49.5,63,1,2025-06-30
R00443,2024-03-27,Starter,Organic,North America,1-10,0,5,2,0,0,61.4,124,1,2025-06-30
R00444,2024-04-27,Scale,Outbound,Europe,11-50,1,15,5,0,0,75.0,429,0,2025-06-30
R00445,2024-12-10,Starter,Organic,North America,1-10,0,8,4,0,0,77.1,202,0,2025-06-30
R00446,2024-02-19,Growth,Organic,APAC,1-10,0,8,3,0,0,62.1,492,1,2025-06-30
R00447,2024-03-06,Growth,Partner,North America,11-50,0,11,1,1,0,56.3,481,0,2025-06-30
R00448,2024-04-27,Scale,Organic,North America,1-10,0,12,7,1,1,63.6,429,0,2025-06-30
R00449,2024-06-23,Starter,Organic,Europe,11-50,0,2,3,0,0,49.8,109,1,2025-06-30
R00450,2024-04-16,Growth,Partner,North America,11-50,0,10,1,1,0,48.9,440,0,2025-06-30
R00451,2024-03-10,Growth,Organic,North America,51-200,1,11,6,0,1,57.8,477,0,2025-06-30
R00452,2024-11-07,Growth,Outbound,LATAM,201+,0,9,6,2,0,62.7,17,1,2025-06-30
R00453,2024-02-23,Scale,Outbound,North America,1-10,1,12,7,1,0,94.0,493,0,2025-06-30
R00454,2024-02-01,Starter,Paid Search,LATAM,1-10,0,3,2,3,1,28.8,79,1,2025-06-30
R00455,2024-03-19,Growth,Organic,North America,11-50,0,8,1,0,0,66.6,468,0,2025-06-30
R00456,2024-01-04,Growth,Outbound,Europe,11-50,0,5,3,2,0,41.5,255,1,2025-06-30
R00457,2024-05-18,Starter,Paid Search,North America,11-50,0,5,5,1,0,35.1,408,0,2025-06-30
R00458,2024-02-18,Growth,Organic,Europe,11-50,0,10,2,1,1,49.0,37,1,2025-06-30
R00459,2024-11-08,Starter,Paid Search,North America,1-10,0,7,1,0,0,45.3,179,1,2025-06-30
R00460,2024-08-03,Starter,Paid Search,North America,1-10,0,7,2,4,0,31.0,331,0,2025-06-30
R00461,2024-05-30,Starter,Paid Search,Europe,11-50,1,7,4,2,1,45.6,204,1,2025-06-30
R00462,2024-12-19,Starter,Partner,LATAM,11-50,0,5,1,0,1,49.5,193,0,2025-06-30
R00463,2024-06-19,Scale,Organic,LATAM,1-10,0,11,4,1,0,71.2,376,0,2025-06-30
R00464,2024-01-29,Starter,Paid Search,Europe,11-50,0,5,6,1,0,64.3,518,0,2025-06-30
R00465,2024-12-26,Scale,Outbound,North America,51-200,1,11,7,0,0,69.5,186,0,2025-06-30
R00466,2024-11-07,Growth,Organic,North America,51-200,0,5,1,0,1,41.7,235,0,2025-06-30
R00467,2024-01-24,Starter,Outbound,North America,51-200,0,9,5,2,1,53.3,523,0,2025-06-30
R00468,2024-09-19,Starter,Organic,Europe,11-50,0,4,2,3,0,19.1,284,0,2025-06-30
R00469,2024-11-27,Growth,Paid Search,Europe,1-10,0,5,4,0,1,49.0,215,0,2025-06-30
R00470,2024-04-02,Starter,Paid Search,North America,1-10,1,8,4,0,0,69.2,199,1,2025-06-30
R00471,2024-09-07,Starter,Paid Search,North America,1-10,0,4,2,1,1,25.7,128,1,2025-06-30
R00472,2024-10-30,Starter,Partner,Europe,51-200,0,5,4,1,0,41.1,243,0,2025-06-30
R00473,2024-08-18,Starter,Paid Search,APAC,1-10,0,12,2,4,0,48.3,35,1,2025-06-30
R00474,2024-03-19,Starter,Paid Search,North America,11-50,0,14,7,5,0,61.1,468,0,2025-06-30
R00475,2024-01-22,Growth,Organic,North America,51-200,0,4,3,2,0,22.8,397,1,2025-06-30
R00476,2024-07-12,Starter,Organic,LATAM,1-10,0,3,0,1,0,40.4,34,1,2025-06-30
R00477,2024-05-24,Growth,Partner,Europe,51-200,1,12,3,1,0,51.3,402,0,2025-06-30
R00478,2024-10-02,Starter,Paid Search,Europe,11-50,0,4,3,0,0,51.7,271,0,2025-06-30
R00479,2024-05-27,Scale,Organic,North America,1-10,0,10,4,0,0,74.9,399,0,2025-06-30
R00480,2024-01-11,Starter,Partner,LATAM,201+,0,4,1,4,0,17.4,54,1,2025-06-30
R00481,2024-09-26,Starter,Paid Search,Europe,11-50,0,3,2,1,0,40.8,195,1,2025-06-30
R00482,2024-01-04,Starter,Partner,North America,51-200,0,4,3,0,0,47.8,174,1,2025-06-30
R00483,2024-01-04,Starter,Partner,North America,11-50,1,5,2,1,0,52.4,510,1,2025-06-30
R00484,2024-01-10,Scale,Outbound,North America,11-50,0,9,6,2,0,64.2,537,0,2025-06-30
R00485,2024-06-15,Growth,Organic,North America,51-200,0,13,4,0,0,53.2,380,0,2025-06-30
R00486,2024-03-02,Starter,Paid Search,Europe,11-50,0,4,2,2,0,42.7,135,1,2025-06-30
R00487,2024-09-16,Starter,Organic,APAC,1-10,0,7,6,2,0,40.2,46,1,2025-06-30
R00488,2024-02-16,Starter,Outbound,Europe,11-50,0,8,5,2,1,50.7,500,0,2025-06-30
R00489,2024-08-20,Starter,Paid Search,Europe,51-200,0,1,1,3,0,26.2,224,1,2025-06-30
R00490,2024-09-16,Scale,Partner,LATAM,201+,0,10,3,2,0,52.4,287,0,2025-06-30
R00491,2024-01-24,Growth,Partner,APAC,1-10,0,11,3,0,0,71.4,523,0,2025-06-30
R00492,2024-09-27,Growth,Paid Search,Europe,1-10,0,11,0,1,0,58.1,276,0,2025-06-30
R00493,2024-04-13,Scale,Partner,Europe,1-10,1,14,5,1,1,61.5,443,0,2025-06-30
R00494,2024-06-13,Starter,Paid Search,LATAM,1-10,0,9,4,3,0,48.4,382,0,2025-06-30
R00495,2024-07-14,Growth,Paid Search,North America,1-10,0,7,4,1,0,57.6,351,0,2025-06-30
R00496,2024-11-25,Growth,Organic,North America,1-10,0,9,6,0,0,81.0,217,0,2025-06-30
R00497,2024-12-30,Starter,Partner,APAC,1-10,0,6,4,0,0,63.6,51,1,2025-06-30
R00498,2024-05-05,Growth,Outbound,North America,1-10,0,10,3,0,0,70.4,421,0,2025-06-30
R00499,2024-08-12,Starter,Paid Search,North America,11-50,0,4,1,1,0,36.7,41,1,2025-06-30
R00500,2024-03-22,Starter,Outbound,LATAM,1-10,0,0,0,2,0,25.5,69,1,2025-06-30
R00501,2024-12-12,Starter,Partner,North America,11-50,0,5,0,2,0,31.0,200,0,2025-06-30
R00502,2024-09-03,Starter,Partner,Europe,201+,1,4,2,0,0,60.9,300,0,2025-06-30
R00503,2024-05-25,Growth,Paid Search,North America,11-50,0,12,1,0,0,67.9,401,0,2025-06-30
R00504,2024-10-09,Starter,Paid Search,North America,51-200,0,6,4,0,0,64.5,264,0,2025-06-30
R00505,2024-07-17,Starter,Paid Search,North America,201+,0,11,4,1,0,59.3,348,0,2025-06-30
R00506,2024-03-15,Scale,Paid Search,North America,11-50,1,13,8,0,0,100.0,472,0,2025-06-30
R00507,2024-02-20,Starter,Paid Search,North America,11-50,0,4,2,0,0,47.5,140,1,2025-06-30
R00508,2024-08-29,Starter,Outbound,North America,1-10,0,7,1,0,0,40.0,275,1,2025-06-30
R00509,2024-04-03,Starter,Outbound,North America,1-10,0,6,1,0,0,46.8,165,1,2025-06-30
R00510,2024-11-27,Growth,Paid Search,North America,51-200,0,10,2,0,0,73.3,215,0,2025-06-30
R00511,2024-12-06,Starter,Paid Search,Europe,1-10,1,11,4,2,0,68.1,206,0,2025-06-30
R00512,2024-10-19,Growth,Organic,LATAM,1-10,0,9,3,0,0,63.4,254,0,2025-06-30
R00513,2024-02-10,Growth,Paid Search,Europe,1-10,1,13,4,0,0,72.0,506,0,2025-06-30
R00514,2024-06-29,Starter,Outbound,North America,51-200,0,5,1,2,0,42.5,21,1,2025-06-30
R00515,2024-11-01,Starter,Organic,North America,11-50,1,6,1,1,0,61.8,99,1,2025-06-30
R00516,2024-12-21,Starter,Organic,North America,1-10,0,6,3,3,0,37.5,191,0,2025-06-30
R00517,2024-10-27,Growth,Outbound,Europe,11-50,0,8,0,2,0,46.0,38,1,2025-06-30
R00518,2024-10-23,Scale,Partner,APAC,51-200,0,5,2,3,0,42.5,65,1,2025-06-30
R00519,2024-04-24,Starter,Organic,Europe,11-50,0,6,3,1,0,57.8,256,1,2025-06-30
R00520,2024-05-31,Growth,Paid Search,North America,1-10,0,6,3,2,1,48.1,110,1,2025-06-30
R00521,2024-08-05,Growth,Paid Search,North America,51-200,0,10,2,2,1,51.6,329,0,2025-06-30
R00522,2024-07-18,Starter,Paid Search,APAC,1-10,0,5,1,1,0,46.3,70,1,2025-06-30
R00523,2024-08-31,Starter,Partner,LATAM,11-50,0,4,3,2,0,58.0,303,0,2025-06-30
R00524,2024-07-13,Growth,Paid Search,North America,1-10,0,8,3,0,0,56.7,28,1,2025-06-30
R00525,2024-01-12,Growth,Organic,North America,11-50,0,9,3,1,0,56.2,229,1,2025-06-30
R00526,2024-11-29,Starter,Organic,North America,1-10,0,10,0,3,0,38.0,71,1,2025-06-30
R00527,2024-05-05,Starter,Organic,North America,1-10,0,10,8,2,0,77.5,197,1,2025-06-30
R00528,2024-10-27,Growth,Paid Search,Europe,51-200,0,8,2,0,0,59.9,75,1,2025-06-30
R00529,2024-04-06,Starter,Partner,North America,11-50,1,2,1,2,0,34.8,97,1,2025-06-30
R00530,2024-03-28,Starter,Organic,Europe,1-10,0,2,0,0,0,38.3,168,1,2025-06-30
R00531,2024-03-30,Scale,Organic,North America,1-10,1,12,5,2,0,73.3,457,0,2025-06-30
R00532,2024-09-23,Starter,Partner,Europe,1-10,0,8,3,1,0,60.0,280,0,2025-06-30
R00533,2024-05-29,Growth,Organic,North America,51-200,0,10,2,0,0,54.7,53,1,2025-06-30
R00534,2024-02-02,Starter,Paid Search,APAC,11-50,0,5,4,4,0,42.5,514,0,2025-06-30
R00535,2024-11-12,Scale,Paid Search,North America,51-200,0,9,6,0,0,65.6,230,0,2025-06-30
R00536,2024-06-12,Starter,Partner,Europe,201+,0,8,2,2,0,29.5,130,1,2025-06-30
R00537,2024-06-24,Scale,Paid Search,North America,11-50,0,8,4,0,0,72.8,371,0,2025-06-30
R00538,2024-10-16,Scale,Organic,North America,11-50,0,13,5,0,0,88.8,257,0,2025-06-30
R00539,2024-06-09,Starter,Paid Search,APAC,201+,0,9,2,0,0,59.0,254,1,2025-06-30
R00540,2024-02-18,Scale,Partner,APAC,11-50,0,10,3,0,0,76.7,498,0,2025-06-30
R00541,2024-03-04,Starter,Partner,Europe,1-10,1,6,4,3,0,53.9,483,0,2025-06-30
R00542,2024-03-29,Growth,Paid Search,Europe,11-50,0,8,2,1,0,44.3,276,1,2025-06-30
R00543,2024-07-13,Starter,Outbound,Europe,1-10,0,9,6,5,1,40.1,142,1,2025-06-30
R00544,2024-07-29,Starter,Outbound,North America,1-10,1,8,3,2,0,53.0,66,1,2025-06-30
R00545,2024-06-01,Starter,Organic,Europe,201+,1,8,3,1,0,55.1,189,1,2025-06-30
R00546,2024-12-14,Starter,Paid Search,North America,201+,0,9,7,0,0,73.7,198,0,2025-06-30
R00547,2024-09-06,Starter,Partner,North America,51-200,0,5,2,3,0,33.2,165,1,2025-06-30
R00548,2024-12-23,Growth,Paid Search,North America,1-10,0,8,2,0,0,58.0,94,1,2025-06-30
R00549,2024-02-24,Starter,Organic,North America,201+,0,5,1,1,0,41.0,143,1,2025-06-30
R00550,2024-10-26,Growth,Paid Search,North America,1-10,0,3,0,0,0,35.0,191,1,2025-06-30
R00551,2024-05-22,Starter,Paid Search,Europe,1-10,0,4,3,0,1,66.0,261,1,2025-06-30
R00552,2024-04-08,Growth,Outbound,Europe,11-50,1,9,2,0,0,84.5,448,0,2025-06-30
R00553,2024-01-10,Starter,Outbound,APAC,51-200,0,7,3,3,0,54.2,10,1,2025-06-30
R00554,2024-11-05,Starter,Paid Search,North America,1-10,0,5,3,0,0,47.2,125,1,2025-06-30
R00555,2024-11-21,Growth,Paid Search,Europe,51-200,0,11,4,2,0,63.2,180,1,2025-06-30
R00556,2024-03-05,Starter,Partner,North America,1-10,0,3,0,0,0,54.6,482,0,2025-06-30
R00557,2024-10-23,Growth,Outbound,North America,11-50,0,10,2,0,0,68.4,250,0,2025-06-30
R00558,2024-07-25,Starter,Paid Search,Europe,51-200,0,13,5,3,0,65.5,25,1,2025-06-30
R00559,2024-05-14,Growth,Outbound,Europe,1-10,0,6,3,0,0,48.7,141,1,2025-06-30
R00560,2024-06-24,Scale,Organic,Europe,1-10,0,8,5,1,0,49.6,371,0,2025-06-30
R00561,2024-09-29,Growth,Outbound,LATAM,1-10,0,8,3,1,0,53.5,237,1,2025-06-30
R00562,2024-02-20,Scale,Organic,North America,1-10,0,12,7,0,0,78.1,496,0,2025-06-30
R00563,2024-06-06,Growth,Organic,North America,51-200,0,11,6,1,0,73.7,389,0,2025-06-30
R00564,2024-01-01,Growth,Partner,LATAM,11-50,0,8,3,0,0,48.8,546,0,2025-06-30
R00565,2024-01-26,Scale,Organic,LATAM,1-10,1,13,9,2,0,77.7,521,0,2025-06-30
R00566,2024-07-17,Growth,Outbound,Europe,51-200,0,14,5,0,1,80.3,348,0,2025-06-30
R00567,2024-03-15,Starter,Organic,Europe,11-50,0,7,2,1,0,57.5,205,1,2025-06-30
R00568,2024-06-01,Starter,Outbound,APAC,11-50,0,4,0,1,1,31.7,97,1,2025-06-30
R00569,2024-09-11,Scale,Partner,North America,1-10,0,5,4,1,0,73.5,176,1,2025-06-30
R00570,2024-12-30,Scale,Organic,North America,11-50,0,8,10,2,0,81.9,182,0,2025-06-30
R00571,2024-04-28,Starter,Organic,North America,11-50,0,2,1,0,0,35.5,210,1,2025-06-30
R00572,2024-09-21,Starter,Partner,North America,1-10,0,8,2,1,0,43.6,282,0,2025-06-30
R00573,2024-07-02,Starter,Paid Search,North America,1-10,1,4,6,1,0,73.1,363,0,2025-06-30
R00574,2024-02-16,Growth,Organic,North America,11-50,1,12,5,1,0,70.7,500,0,2025-06-30
R00575,2024-04-04,Scale,Paid Search,LATAM,201+,0,10,4,0,0,64.2,112,1,2025-06-30
R00576,2024-11-03,Starter,Organic,North America,11-50,0,3,1,0,1,19.9,239,0,2025-06-30
R00577,2024-03-03,Starter,Organic,North America,201+,0,3,2,2,1,40.7,129,1,2025-06-30
R00578,2024-05-11,Starter,Outbound,North America,11-50,1,5,2,0,0,47.5,204,1,2025-06-30
R00579,2024-08-13,Growth,Organic,North America,11-50,0,7,3,0,0,56.2,321,0,2025-06-30
R00580,2024-08-16,Growth,Paid Search,Europe,11-50,0,9,5,0,0,61.6,318,0,2025-06-30
R00581,2024-03-03,Growth,Paid Search,North America,1-10,1,9,3,0,0,64.4,82,1,2025-06-30
R00582,2024-10-27,Growth,Paid Search,Europe,1-10,0,7,5,1,0,71.6,246,0,2025-06-30
R00583,2024-04-30,Starter,Outbound,North America,1-10,1,11,5,2,0,74.9,241,1,2025-06-30
R00584,2024-10-29,Starter,Paid Search,APAC,11-50,1,8,2,1,1,64.6,244,0,2025-06-30
R00585,2024-05-03,Starter,Partner,LATAM,1-10,0,4,3,1,1,53.8,27,1,2025-06-30
R00586,2024-12-02,Growth,Organic,North America,11-50,1,11,1,2,1,49.5,210,0,2025-06-30
R00587,2024-12-23,Scale,Paid Search,Europe,11-50,0,14,10,1,0,82.8,189,0,2025-06-30
R00588,2024-04-16,Starter,Partner,Europe,1-10,0,5,6,1,0,61.3,440,0,2025-06-30
R00589,2024-01-03,Starter,Paid Search,Europe,51-200,0,7,6,1,1,75.7,544,0,2025-06-30
R00590,2024-04-27,Starter,Outbound,North America,201+,0,4,0,2,0,24.2,32,1,2025-06-30
R00591,2024-04-06,Growth,Organic,Europe,11-50,1,11,5,1,0,81.6,450,0,2025-06-30
R00592,2024-07-07,Starter,Organic,APAC,11-50,1,6,2,1,0,41.3,358,0,2025-06-30
R00593,2024-11-25,Growth,Paid Search,APAC,1-10,1,7,7,3,0,55.5,217,0,2025-06-30
R00594,2024-07-30,Starter,Partner,North America,1-10,0,10,0,2,0,29.8,335,0,2025-06-30
R00595,2024-08-22,Starter,Organic,North America,51-200,0,12,2,1,0,60.8,312,0,2025-06-30
R00596,2024-12-04,Starter,Organic,North America,51-200,0,6,4,1,0,45.7,95,1,2025-06-30
R00597,2024-06-16,Growth,Organic,LATAM,1-10,1,7,2,2,1,48.0,336,1,2025-06-30
R00598,2024-11-22,Starter,Organic,Europe,201+,0,6,2,1,0,71.8,136,1,2025-06-30
R00599,2024-01-10,Growth,Partner,North America,1-10,0,8,5,0,0,60.9,404,1,2025-06-30
R00600,2024-02-05,Growth,Organic,North America,11-50,0,6,1,1,0,58.6,511,0,2025-06-30
R00601,2024-11-11,Starter,Organic,North America,11-50,0,10,5,2,0,55.6,231,0,2025-06-30
R00602,2024-08-05,Growth,Paid Search,North America,1-10,0,8,2,0,0,70.1,329,0,2025-06-30
R00603,2024-11-11,Starter,Organic,LATAM,1-10,1,10,4,2,0,88.5,153,1,2025-06-30
R00604,2024-05-20,Scale,Paid Search,APAC,1-10,0,9,6,0,0,68.3,406,0,2025-06-30
R00605,2024-10-13,Starter,Organic,Europe,1-10,1,9,3,1,0,58.6,260,0,2025-06-30
R00606,2024-03-02,Growth,Partner,LATAM,1-10,0,9,2,2,0,55.1,380,1,2025-06-30
R00607,2024-09-25,Starter,Paid Search,Europe,51-200,0,10,0,1,0,68.7,278,0,2025-06-30
R00608,2024-09-02,Growth,Partner,North America,1-10,0,18,4,0,0,80.0,301,0,2025-06-30
R00609,2024-08-21,Starter,Paid Search,Europe,1-10,0,4,3,1,1,43.2,165,1,2025-06-30
R00610,2024-04-03,Starter,Organic,Europe,11-50,1,6,2,4,0,41.1,453,0,2025-06-30
R00611,2024-03-18,Starter,Partner,Europe,1-10,0,7,4,1,0,56.9,327,1,2025-06-30
R00612,2024-10-11,Growth,Organic,APAC,51-200,0,6,3,1,0,41.7,262,0,2025-06-30
R00613,2024-06-04,Scale,Partner,Europe,201+,0,5,7,0,0,73.1,391,0,2025-06-30
R00614,2024-06-19,Scale,Paid Search,Europe,11-50,0,6,2,2,0,45.4,376,0,2025-06-30
R00615,2024-03-06,Starter,Paid Search,Europe,51-200,0,3,1,3,0,22.0,34,1,2025-06-30
R00616,2024-11-28,Starter,Paid Search,Europe,1-10,0,5,1,1,0,29.0,25,1,2025-06-30
R00617,2024-08-01,Starter,Organic,Europe,1-10,0,7,6,1,0,60.6,261,1,2025-06-30
R00618,2024-06-09,Starter,Partner,North America,11-50,0,6,4,2,0,54.1,386,0,2025-06-30
R00619,2024-07-28,Growth,Organic,LATAM,1-10,0,15,1,3,0,52.7,337,0,2025-06-30
R00620,2024-06-07,Starter,Paid Search,North America,1-10,0,3,2,1,0,39.4,205,1,2025-06-30
R00621,2024-06-15,Growth,Outbound,LATAM,1-10,0,10,4,0,0,77.6,380,0,2025-06-30
R00622,2024-10-18,Starter,Partner,Europe,51-200,1,5,1,5,0,30.0,77,1,2025-06-30
R00623,2024-09-09,Scale,Organic,APAC,1-10,1,13,6,1,0,97.9,294,0,2025-06-30
R00624,2024-12-13,Scale,Paid Search,Europe,1-10,0,12,6,0,0,58.0,199,0,2025-06-30
R00625,2024-03-23,Starter,Organic,North America,11-50,0,4,2,2,0,31.7,213,1,2025-06-30
R00626,2024-07-15,Starter,Organic,North America,11-50,1,4,5,3,0,53.7,350,0,2025-06-30
R00627,2024-01-04,Growth,Outbound,North America,11-50,0,8,5,1,0,61.9,543,0,2025-06-30
R00628,2024-05-02,Starter,Paid Search,LATAM,51-200,0,6,3,2,0,52.9,120,1,2025-06-30
R00629,2024-07-05,Scale,Organic,LATAM,1-10,0,10,4,1,1,65.0,360,0,2025-06-30
R00630,2024-07-12,Growth,Paid Search,Europe,11-50,0,6,1,0,1,53.0,165,1,2025-06-30
R00631,2024-05-28,Growth,Organic,North America,1-10,0,6,1,0,0,65.5,264,1,2025-06-30
R00632,2024-02-19,Growth,Organic,Europe,201+,1,18,5,1,0,98.1,497,0,2025-06-30
R00633,2024-10-09,Growth,Organic,North America,1-10,0,18,7,1,0,100.0,264,0,2025-06-30
R00634,2024-10-29,Starter,Paid Search,LATAM,1-10,0,7,2,1,1,38.5,16,1,2025-06-30
R00635,2024-06-25,Starter,Outbound,Europe,1-10,0,5,5,0,0,54.5,370,0,2025-06-30
R00636,2024-08-08,Starter,Partner,North America,11-50,1,8,4,1,0,76.5,326,0,2025-06-30
R00637,2024-11-24,Starter,Partner,North America,1-10,0,4,1,1,0,33.6,218,0,2025-06-30
R00638,2024-04-07,Starter,Organic,North America,11-50,0,7,6,2,0,50.5,411,1,2025-06-30
R00639,2024-03-08,Starter,Organic,Europe,1-10,0,6,1,0,0,55.0,163,1,2025-06-30
R00640,2024-10-11,Scale,Paid Search,Europe,51-200,0,12,7,0,1,66.0,262,0,2025-06-30
R00641,2024-11-27,Growth,Partner,North America,11-50,0,11,4,0,0,74.3,215,0,2025-06-30
R00642,2024-05-15,Starter,Organic,North America,201+,0,10,3,2,0,55.1,108,1,2025-06-30
R00643,2024-09-21,Growth,Partner,Europe,11-50,0,4,2,0,0,40.1,126,1,2025-06-30
R00644,2024-11-20,Growth,Paid Search,APAC,11-50,1,7,0,0,0,57.3,208,1,2025-06-30
R00645,2024-03-25,Starter,Organic,Europe,1-10,0,13,3,2,0,69.2,369,1,2025-06-30
R00646,2024-09-24,Starter,Paid Search,LATAM,11-50,0,3,3,4,1,26.7,63,1,2025-06-30
R00647,2024-11-22,Starter,Paid Search,Europe,1-10,0,7,0,0,0,51.3,28,1,2025-06-30
R00648,2024-02-02,Starter,Organic,North America,1-10,0,5,1,3,0,46.9,389,1,2025-06-30
R00649,2024-06-19,Growth,Paid Search,North America,11-50,0,10,4,0,0,79.5,376,0,2025-06-30
R00650,2024-12-01,Growth,Organic,APAC,1-10,0,9,4,1,0,58.9,211,0,2025-06-30
R00651,2024-03-07,Starter,Paid Search,Europe,11-50,0,5,5,1,0,40.2,47,1,2025-06-30
R00652,2024-01-22,Growth,Organic,APAC,1-10,1,10,2,1,0,70.7,525,0,2025-06-30
R00653,2024-12-29,Starter,Outbound,North America,1-10,0,4,1,2,0,29.7,8,1,2025-06-30
R00654,2024-01-26,Starter,Paid Search,Europe,11-50,0,2,1,4,0,28.8,298,1,2025-06-30
R00655,2024-10-20,Growth,Organic,North America,51-200,0,10,3,3,0,57.9,218,1,2025-06-30
R00656,2024-08-25,Scale,Organic,Europe,1-10,1,15,3,1,0,77.7,309,0,2025-06-30
R00657,2024-01-24,Growth,Paid Search,North America,51-200,0,5,1,0,0,26.5,129,1,2025-06-30
R00658,2024-06-16,Starter,Organic,Europe,1-10,0,4,2,1,0,49.3,379,0,2025-06-30
R00659,2024-11-16,Starter,Organic,North America,1-10,0,8,4,1,0,52.2,226,0,2025-06-30
R00660,2024-10-27,Starter,Paid Search,APAC,51-200,0,3,5,1,0,36.4,76,1,2025-06-30
R00661,2024-01-08,Growth,Partner,Europe,1-10,0,11,4,0,0,60.9,479,1,2025-06-30
R00662,2024-11-09,Scale,Partner,North America,201+,0,12,8,1,0,85.7,200,1,2025-06-30
R00663,2024-12-16,Starter,Paid Search,North America,201+,0,5,1,1,0,29.6,80,1,2025-06-30
R00664,2024-05-28,Starter,Organic,APAC,51-200,0,4,2,1,0,42.8,398,0,2025-06-30
R00665,2024-06-29,Scale,Organic,Europe,11-50,1,14,6,0,0,95.3,366,0,2025-06-30
R00666,2024-03-08,Growth,Outbound,North America,1-10,1,9,5,0,0,70.7,479,0,2025-06-30
R00667,2024-02-16,Starter,Paid Search,Europe,11-50,0,9,5,1,0,57.4,500,0,2025-06-30
R00668,2024-10-27,Starter,Paid Search,LATAM,11-50,0,1,0,0,0,30.3,74,1,2025-06-30
R00669,2024-12-21,Growth,Partner,APAC,11-50,0,11,3,1,0,67.0,38,1,2025-06-30
R00670,2024-02-11,Starter,Organic,North America,11-50,0,8,2,3,0,45.2,157,1,2025-06-30
R00671,2024-07-19,Starter,Organic,North America,51-200,0,6,4,3,1,36.9,7,1,2025-06-30
R00672,2024-09-10,Starter,Organic,North America,1-10,0,5,0,2,0,37.3,81,1,2025-06-30
R00673,2024-08-27,Starter,Organic,North America,11-50,0,7,4,1,0,63.5,307,0,2025-06-30
R00674,2024-03-31,Starter,Organic,APAC,11-50,0,8,4,0,0,61.4,456,0,2025-06-30
R00675,2024-11-11,Growth,Outbound,North America,11-50,0,8,3,0,1,58.4,231,0,2025-06-30
R00676,2024-05-26,Starter,Organic,North America,51-200,0,6,3,1,1,55.4,165,1,2025-06-30
R00677,2024-10-11,Growth,Paid Search,APAC,11-50,0,7,4,4,0,22.1,27,1,2025-06-30
R00678,2024-04-16,Starter,Outbound,APAC,11-50,1,5,2,2,1,29.1,127,1,2025-06-30
R00679,2024-02-13,Starter,Organic,Europe,51-200,0,6,3,2,0,61.8,204,1,2025-06-30
R00680,2024-01-19,Growth,Outbound,Europe,51-200,0,9,2,0,0,60.2,153,1,2025-06-30
R00681,2024-05-13,Starter,Partner,APAC,1-10,0,4,1,2,0,36.1,413,0,2025-06-30
R00682,2024-09-20,Growth,Paid Search,North America,51-200,0,15,6,0,0,83.4,283,0,2025-06-30
R00683,2024-06-26,Starter,Paid Search,North America,1-10,0,4,2,1,0,45.3,333,1,2025-06-30
R00684,2024-04-01,Scale,Paid Search,Europe,51-200,1,12,3,1,1,56.5,455,0,2025-06-30
R00685,2024-01-04,Starter,Outbound,North America,1-10,0,6,2,0,0,65.1,39,1,2025-06-30
R00686,2024-01-29,Starter,Organic,LATAM,11-50,0,7,3,5,0,42.7,38,1,2025-06-30
R00687,2024-02-14,Starter,Outbound,North America,201+,0,6,5,0,0,57.7,300,1,2025-06-30
R00688,2024-09-15,Growth,Organic,North America,1-10,0,7,5,0,0,65.5,136,1,2025-06-30
R00689,2024-01-14,Scale,Organic,LATAM,1-10,1,12,4,0,0,89.8,226,1,2025-06-30
R00690,2024-10-07,Starter,Partner,North America,1-10,1,7,1,3,0,46.4,266,0,2025-06-30
R00691,2024-05-19,Growth,Outbound,Europe,11-50,0,10,5,2,0,53.5,369,1,2025-06-30
R00692,2024-07-14,Growth,Outbound,APAC,1-10,0,5,4,1,0,52.5,279,1,2025-06-30
R00693,2024-11-02,Growth,Partner,LATAM,11-50,1,2,1,0,0,50.2,240,0,2025-06-30
R00694,2024-08-25,Starter,Organic,North America,51-200,0,6,3,2,0,60.1,261,1,2025-06-30
R00695,2024-08-15,Growth,Paid Search,North America,201+,0,9,3,1,0,73.6,319,0,2025-06-30
R00696,2024-04-04,Starter,Partner,North America,1-10,1,9,8,3,0,70.5,452,0,2025-06-30
R00697,2024-06-29,Starter,Organic,Europe,1-10,0,13,2,2,0,61.1,366,0,2025-06-30
R00698,2024-09-09,Starter,Outbound,North America,1-10,0,3,0,1,0,42.3,78,1,2025-06-30
R00699,2024-11-17,Growth,Paid Search,North America,1-10,0,12,6,1,1,61.7,58,1,2025-06-30
R00700,2024-08-31,Growth,Paid Search,North America,1-10,0,5,1,1,0,50.1,120,1,2025-06-30
R00701,2024-12-04,Starter,Organic,North America,11-50,0,6,1,2,0,36.5,65,1,2025-06-30
R00702,2024-11-16,Starter,Organic,Europe,51-200,0,7,4,2,0,51.3,89,1,2025-06-30
R00703,2024-11-14,Growth,Paid Search,Europe,11-50,0,10,2,3,0,34.8,202,1,2025-06-30
R00704,2024-05-30,Starter,Organic,Europe,11-50,0,5,4,1,0,50.0,200,1,2025-06-30
R00705,2024-04-22,Starter,Partner,North America,1-10,0,7,1,1,0,64.4,434,0,2025-06-30
R00706,2024-10-20,Starter,Partner,North America,1-10,0,3,1,1,1,27.7,39,1,2025-06-30
R00707,2024-04-23,Starter,Organic,Europe,11-50,0,6,3,4,0,31.0,42,1,2025-06-30
R00708,2024-06-08,Growth,Paid Search,Europe,11-50,0,6,0,0,0,36.1,150,1,2025-06-30
R00709,2024-03-19,Growth,Paid Search,Europe,1-10,0,4,3,0,0,51.5,468,0,2025-06-30
R00710,2024-02-27,Starter,Partner,LATAM,1-10,0,3,5,2,0,52.3,36,1,2025-06-30
R00711,2024-08-20,Starter,Organic,North America,11-50,0,4,1,1,0,36.4,185,1,2025-06-30
R00712,2024-08-10,Starter,Organic,APAC,1-10,0,3,0,3,0,18.4,109,1,2025-06-30
R00713,2024-10-19,Starter,Paid Search,Europe,1-10,0,4,0,2,0,21.3,37,1,2025-06-30
R00714,2024-08-19,Scale,Partner,Europe,51-200,1,16,10,1,0,100.0,315,0,2025-06-30
R00715,2024-07-18,Starter,Organic,Europe,11-50,0,6,3,0,0,80.1,88,1,2025-06-30
R00716,2024-12-07,Growth,Paid Search,North America,11-50,0,11,3,2,1,39.9,191,1,2025-06-30
R00717,2024-05-12,Starter,Paid Search,APAC,51-200,0,7,1,2,0,39.2,45,1,2025-06-30
R00718,2024-05-07,Scale,Paid Search,LATAM,11-50,0,9,6,1,0,64.1,419,0,2025-06-30
R00719,2024-11-09,Growth,Paid Search,APAC,11-50,1,12,3,1,0,62.9,4,1,2025-06-30
R00720,2024-11-25,Starter,Partner,North America,1-10,0,4,1,1,0,35.6,217,0,2025-06-30
R00721,2024-02-18,Growth,Outbound,APAC,51-200,0,8,4,1,0,50.3,298,1,2025-06-30
R00722,2024-06-06,Starter,Outbound,North America,201+,0,4,1,2,0,45.5,389,0,2025-06-30
R00723,2024-06-10,Scale,Paid Search,LATAM,1-10,0,10,4,2,0,42.7,143,1,2025-06-30
R00724,2024-09-17,Starter,Outbound,North America,51-200,0,6,5,0,0,58.5,286,0,2025-06-30
R00725,2024-08-30,Scale,Paid Search,North America,1-10,0,15,8,1,0,85.7,304,0,2025-06-30
R00726,2024-02-06,Scale,Partner,Europe,201+,1,9,3,1,0,62.7,510,0,2025-06-30
R00727,2024-11-13,Starter,Organic,APAC,1-10,0,6,1,2,0,48.2,72,1,2025-06-30
R00728,2024-12-18,Scale,Organic,Europe,51-200,0,8,4,1,0,63.9,8,1,2025-06-30
R00729,2024-01-12,Growth,Outbound,North America,1-10,0,6,4,1,0,67.2,535,0,2025-06-30
R00730,2024-05-12,Growth,Outbound,LATAM,1-10,0,15,4,0,0,63.5,92,1,2025-06-30
R00731,2024-02-12,Growth,Outbound,Europe,11-50,0,15,5,0,0,69.6,504,0,2025-06-30
R00732,2024-07-16,Starter,Organic,Europe,1-10,0,11,3,3,0,55.9,64,1,2025-06-30
R00733,2024-09-23,Starter,Outbound,North America,1-10,0,5,2,0,1,37.1,280,0,2025-06-30
R00734,2024-03-08,Growth,Organic,Europe,11-50,1,14,1,1,0,78.5,479,0,2025-06-30
R00735,2024-11-21,Starter,Organic,LATAM,1-10,0,6,5,3,0,41.8,84,1,2025-06-30
R00736,2024-12-11,Growth,Organic,North America,1-10,0,14,2,0,0,83.4,201,0,2025-06-30
R00737,2024-12-29,Growth,Paid Search,North America,11-50,1,15,3,1,0,85.3,183,0,2025-06-30
R00738,2024-09-16,Starter,Organic,North America,1-10,1,5,3,5,0,44.1,287,0,2025-06-30
R00739,2024-01-12,Growth,Partner,LATAM,51-200,0,6,0,5,0,14.4,8,1,2025-06-30
R00740,2024-09-01,Starter,Organic,Europe,11-50,0,8,1,1,0,61.5,299,1,2025-06-30
R00741,2024-05-20,Starter,Organic,Europe,11-50,1,9,2,2,0,57.2,406,0,2025-06-30
R00742,2024-06-19,Starter,Outbound,APAC,11-50,0,2,1,0,0,35.6,200,1,2025-06-30
R00743,2024-12-19,Growth,Paid Search,APAC,11-50,1,12,4,0,0,78.3,193,0,2025-06-30
R00744,2024-04-14,Starter,Organic,APAC,1-10,0,6,2,1,0,44.7,404,1,2025-06-30
R00745,2024-07-29,Starter,Organic,North America,1-10,1,16,5,1,0,93.5,336,0,2025-06-30
R00746,2024-02-16,Growth,Outbound,LATAM,1-10,0,10,2,0,0,61.9,500,0,2025-06-30
R00747,2024-08-07,Scale,Outbound,APAC,11-50,0,8,2,1,0,42.0,236,1,2025-06-30
R00748,2024-12-12,Starter,Organic,North America,51-200,0,3,0,0,0,37.5,200,0,2025-06-30
R00749,2024-11-05,Growth,Paid Search,APAC,1-10,0,4,4,1,0,60.6,230,1,2025-06-30
R00750,2024-03-04,Growth,Organic,North America,51-200,0,6,2,2,0,48.5,145,1,2025-06-30
R00751,2024-12-11,Starter,Organic,Europe,11-50,0,12,2,2,0,48.0,201,0,2025-06-30
R00752,2024-07-16,Starter,Organic,North America,11-50,0,8,5,0,0,56.0,265,1,2025-06-30
R00753,2024-10-22,Scale,Partner,LATAM,1-10,1,15,6,2,0,79.5,251,0,2025-06-30
R00754,2024-03-07,Growth,Paid Search,North America,11-50,0,9,6,0,0,62.9,480,0,2025-06-30
R00755,2024-08-05,Growth,Organic,Europe,11-50,0,9,2,0,0,58.6,329,0,2025-06-30
R00756,2024-01-04,Growth,Outbound,Europe,11-50,0,9,1,0,0,54.6,29,1,2025-06-30
R00757,2024-12-03,Scale,Organic,North America,1-10,1,9,2,1,0,74.0,209,0,2025-06-30
R00758,2024-12-05,Starter,Partner,Europe,11-50,1,5,5,4,0,28.0,174,1,2025-06-30
R00759,2024-07-12,Growth,Outbound,North America,1-10,0,6,5,1,0,63.1,75,1,2025-06-30
R00760,2024-12-19,Growth,Organic,North America,51-200,1,5,3,0,0,66.5,193,0,2025-06-30
R00761,2024-09-20,Starter,Organic,Europe,1-10,0,5,3,0,0,60.2,283,0,2025-06-30
R00762,2024-03-16,Scale,Paid Search,APAC,1-10,1,10,5,1,0,60.1,471,0,2025-06-30
R00763,2024-08-02,Starter,Paid Search,North America,11-50,0,2,0,1,0,23.0,257,1,2025-06-30
R00764,2024-06-07,Starter,Partner,Europe,51-200,0,6,3,1,1,44.7,97,1,2025-06-30
R00765,2024-01-31,Starter,Partner,LATAM,51-200,0,6,6,0,0,77.6,516,0,2025-06-30
R00766,2024-04-20,Starter,Paid Search,North America,11-50,0,2,0,2,0,24.9,75,1,2025-06-30
R00767,2024-01-14,Growth,Paid Search,North America,11-50,1,9,4,1,1,50.9,533,0,2025-06-30
R00768,2024-05-30,Starter,Paid Search,North America,51-200,0,5,2,1,0,37.5,132,1,2025-06-30
R00769,2024-10-26,Growth,Paid Search,APAC,201+,0,6,3,1,0,45.2,247,0,2025-06-30
R00770,2024-08-13,Growth,Outbound,North America,201+,0,10,3,0,0,62.5,321,0,2025-06-30
R00771,2024-03-30,Starter,Organic,North America,1-10,0,8,4,3,0,41.0,457,0,2025-06-30
R00772,2024-10-08,Starter,Organic,Europe,11-50,0,9,2,0,0,51.8,265,0,2025-06-30
R00773,2024-01-20,Starter,Paid Search,LATAM,11-50,1,8,2,1,0,61.0,168,1,2025-06-30
R00774,2024-08-25,Starter,Organic,North America,201+,0,6,1,1,0,39.5,269,1,2025-06-30
R00775,2024-02-26,Starter,Paid Search,APAC,1-10,0,5,1,3,0,30.0,122,1,2025-06-30
R00776,2024-01-21,Starter,Outbound,North America,11-50,0,4,1,1,0,67.0,17,1,2025-06-30
R00777,2024-03-15,Growth,Organic,Europe,1-10,0,10,3,0,0,59.7,472,0,2025-06-30
R00778,2024-12-04,Starter,Organic,APAC,1-10,0,7,2,1,0,50.3,162,1,2025-06-30
R00779,2024-11-14,Starter,Outbound,North America,1-10,0,6,5,2,0,51.6,228,0,2025-06-30
R00780,2024-08-02,Starter,Partner,Europe,201+,0,6,0,1,0,49.4,67,1,2025-06-30
R00781,2024-01-26,Starter,Partner,Europe,11-50,0,4,2,2,0,50.0,390,1,2025-06-30
R00782,2024-11-23,Growth,Outbound,APAC,11-50,0,13,3,1,0,72.9,219,0,2025-06-30
R00783,2024-02-27,Starter,Outbound,APAC,11-50,0,0,1,3,1,11.0,93,1,2025-06-30
R00784,2024-11-06,Scale,Organic,APAC,1-10,0,17,7,0,0,99.5,236,0,2025-06-30
R00785,2024-09-03,Starter,Paid Search,APAC,1-10,0,1,1,2,0,23.4,84,1,2025-06-30
R00786,2024-05-05,Starter,Paid Search,North America,1-10,0,6,2,1,0,48.1,109,1,2025-06-30
R00787,2024-10-21,Starter,Partner,LATAM,11-50,0,2,1,3,0,12.4,252,0,2025-06-30
R00788,2024-01-30,Growth,Organic,LATAM,1-10,0,11,6,1,0,57.3,517,0,2025-06-30
R00789,2024-12-04,Scale,Paid Search,LATAM,11-50,0,10,3,1,0,52.1,160,1,2025-06-30
R00790,2024-07-14,Growth,Organic,APAC,1-10,1,7,1,1,0,51.6,351,0,2025-06-30
R00791,2024-06-22,Starter,Partner,North America,1-10,1,8,6,2,2,43.3,224,1,2025-06-30
R00792,2024-09-11,Growth,Outbound,APAC,11-50,0,6,2,1,0,51.9,292,0,2025-06-30
R00793,2024-10-22,Starter,Organic,LATAM,51-200,1,8,4,2,1,52.0,142,1,2025-06-30
R00794,2024-12-25,Starter,Outbound,North America,201+,0,5,1,2,0,43.2,59,1,2025-06-30
R00795,2024-11-11,Growth,Outbound,Europe,11-50,0,10,3,0,0,57.3,231,0,2025-06-30
R00796,2024-12-29,Starter,Paid Search,APAC,11-50,0,3,1,0,0,40.3,183,0,2025-06-30
R00797,2024-07-08,Starter,Paid Search,North America,1-10,0,4,2,1,0,39.9,122,1,2025-06-30
R00798,2024-11-30,Starter,Outbound,Europe,11-50,0,7,4,2,1,53.6,50,1,2025-06-30
R00799,2024-11-26,Growth,Outbound,Europe,11-50,1,6,3,1,0,56.6,216,0,2025-06-30
R00800,2024-09-09,Starter,Partner,Europe,11-50,0,4,1,2,0,28.2,146,1,2025-06-30
R00801,2024-03-01,Scale,Paid Search,North America,1-10,0,11,6,0,0,85.7,486,0,2025-06-30
R00802,2024-02-21,Starter,Organic,North America,51-200,1,14,5,1,0,99.8,298,1,2025-06-30
R00803,2024-03-30,Starter,Organic,APAC,11-50,0,7,5,0,0,66.7,457,0,2025-06-30
R00804,2024-01-27,Starter,Paid Search,Europe,11-50,0,4,1,2,0,45.2,165,1,2025-06-30
R00805,2024-10-12,Growth,Paid Search,Europe,1-10,0,4,1,1,0,37.5,261,0,2025-06-30
R00806,2024-09-15,Starter,Paid Search,Europe,1-10,0,9,3,1,0,63.1,135,1,2025-06-30
R00807,2024-02-04,Scale,Organic,LATAM,1-10,0,10,3,1,0,74.8,48,1,2025-06-30
R00808,2024-05-28,Growth,Paid Search,APAC,11-50,0,5,0,1,0,40.3,63,1,2025-06-30
R00809,2024-01-07,Growth,Partner,Europe,11-50,0,9,1,0,0,61.9,23,1,2025-06-30
R00810,2024-08-29,Growth,Organic,LATAM,1-10,1,11,6,2,1,64.7,106,1,2025-06-30
R00811,2024-10-14,Starter,Paid Search,North America,11-50,0,2,4,3,0,49.3,259,0,2025-06-30
R00812,2024-01-19,Starter,Paid Search,Europe,1-10,0,3,1,1,0,63.7,528,0,2025-06-30
R00813,2024-04-23,Starter,Paid Search,Europe,1-10,0,1,0,2,0,20.8,158,1,2025-06-30
R00814,2024-01-25,Starter,Paid Search,North America,1-10,0,4,3,1,0,44.8,312,1,2025-06-30
R00815,2024-07-27,Scale,Organic,LATAM,11-50,0,14,5,2,0,64.4,338,0,2025-06-30
R00816,2024-10-14,Scale,Organic,North America,11-50,1,8,6,1,0,68.6,259,0,2025-06-30
R00817,2024-04-13,Growth,Organic,LATAM,1-10,0,7,0,0,0,47.8,182,1,2025-06-30
R00818,2024-12-25,Starter,Paid Search,Europe,1-10,0,1,3,1,0,47.1,94,1,2025-06-30
R00819,2024-06-03,Growth,Paid Search,North America,1-10,0,10,5,2,0,70.8,392,0,2025-06-30
R00820,2024-12-23,Starter,Partner,North America,11-50,1,3,0,2,0,28.7,40,1,2025-06-30
R00821,2024-10-17,Growth,Organic,North America,11-50,0,6,4,0,0,53.5,256,0,2025-06-30
R00822,2024-09-06,Scale,Outbound,Europe,51-200,1,9,6,0,0,92.0,297,0,2025-06-30
R00823,2024-01-13,Starter,Paid Search,North America,11-50,0,4,4,1,1,32.9,211,1,2025-06-30
R00824,2024-10-14,Scale,Paid Search,LATAM,1-10,0,6,10,1,1,58.1,259,0,2025-06-30
R00825,2024-09-14,Scale,Organic,North America,1-10,0,8,2,0,0,46.5,289,0,2025-06-30
R00826,2024-08-20,Starter,Paid Search,LATAM,1-10,0,4,1,3,1,13.3,58,1,2025-06-30
R00827,2024-03-13,Starter,Organic,APAC,1-10,0,7,3,2,0,39.4,59,1,2025-06-30
R00828,2024-04-20,Starter,Paid Search,Europe,1-10,0,1,3,2,0,27.1,264,1,2025-06-30
R00829,2024-06-03,Scale,Partner,North America,11-50,0,7,7,1,0,68.9,392,0,2025-06-30
R00830,2024-06-27,Starter,Paid Search,Europe,11-50,0,8,5,2,0,61.9,91,1,2025-06-30
R00831,2024-04-12,Growth,Organic,North America,11-50,0,13,8,1,0,70.7,444,0,2025-06-30
R00832,2024-01-14,Growth,Organic,North America,11-50,0,10,0,1,0,49.0,276,1,2025-06-30
R00833,2024-11-16,Starter,Paid Search,North America,11-50,0,4,4,1,1,49.3,136,1,2025-06-30
R00834,2024-09-15,Growth,Partner,Europe,51-200,0,11,3,1,0,71.0,12,1,2025-06-30
R00835,2024-02-15,Growth,Outbound,LATAM,1-10,0,8,4,0,0,81.6,44,1,2025-06-30
R00836,2024-10-09,Growth,Partner,LATAM,1-10,0,9,4,3,0,54.2,264,0,2025-06-30
R00837,2024-10-21,Growth,Organic,North America,11-50,0,10,0,0,0,65.0,149,1,2025-06-30
R00838,2024-07-01,Scale,Partner,APAC,51-200,0,9,1,1,0,62.9,214,1,2025-06-30
R00839,2024-04-05,Growth,Organic,Europe,11-50,1,9,2,1,0,61.5,243,1,2025-06-30
R00840,2024-05-30,Starter,Organic,North America,11-50,0,9,3,1,1,44.9,164,1,2025-06-30
R00841,2024-01-30,Growth,Paid Search,Europe,11-50,0,7,1,0,1,59.8,385,1,2025-06-30
R00842,2024-09-22,Starter,Paid Search,Europe,11-50,0,5,2,2,0,48.8,110,1,2025-06-30
R00843,2024-05-04,Starter,Organic,LATAM,1-10,0,5,1,3,0,26.3,42,1,2025-06-30
R00844,2024-07-19,Starter,Paid Search,APAC,1-10,1,8,1,2,0,54.5,346,0,2025-06-30
R00845,2024-01-13,Growth,Outbound,Europe,1-10,0,4,3,1,0,46.6,534,0,2025-06-30
R00846,2024-09-22,Growth,Partner,Europe,11-50,1,13,3,1,0,78.4,281,0,2025-06-30
R00847,2024-05-10,Growth,Organic,North America,1-10,0,18,3,2,0,55.1,228,1,2025-06-30
R00848,2024-10-12,Growth,Paid Search,North America,11-50,0,4,1,1,0,32.3,261,0,2025-06-30
R00849,2024-03-11,Growth,Paid Search,Europe,1-10,0,8,5,1,0,60.9,160,1,2025-06-30
R00850,2024-10-24,Growth,Paid Search,LATAM,11-50,0,9,1,0,1,47.4,100,1,2025-06-30
R00851,2024-08-16,Growth,Partner,Europe,1-10,0,5,4,0,1,66.6,318,0,2025-06-30
R00852,2024-07-12,Growth,Organic,Europe,51-200,0,6,4,0,0,53.8,143,1,2025-06-30
R00853,2024-03-29,Growth,Paid Search,APAC,1-10,0,8,0,1,0,44.6,458,0,2025-06-30
R00854,2024-11-29,Scale,Partner,North America,1-10,0,8,2,1,0,61.7,213,0,2025-06-30
R00855,2024-10-03,Growth,Organic,North America,51-200,0,7,3,1,0,56.8,270,0,2025-06-30
R00856,2024-07-23,Starter,Outbound,North America,11-50,0,3,1,2,0,23.5,100,1,2025-06-30
R00857,2024-11-02,Growth,Paid Search,North America,11-50,1,14,7,0,0,86.4,240,0,2025-06-30
R00858,2024-06-02,Starter,Paid Search,APAC,11-50,1,8,4,2,0,60.4,83,1,2025-06-30
R00859,2024-05-30,Starter,Partner,North America,11-50,1,3,2,1,0,40.3,71,1,2025-06-30
R00860,2024-10-03,Scale,Paid Search,Europe,1-10,0,9,8,1,0,75.8,270,0,2025-06-30
R00861,2024-05-31,Starter,Partner,North America,1-10,0,9,3,0,0,65.1,395,0,2025-06-30
R00862,2024-12-15,Starter,Partner,North America,1-10,0,6,3,2,0,64.6,197,0,2025-06-30
R00863,2024-02-10,Growth,Organic,North America,51-200,1,11,4,1,0,66.9,424,1,2025-06-30
R00864,2024-09-24,Growth,Organic,Europe,1-10,0,10,4,0,1,63.9,279,0,2025-06-30
R00865,2024-10-12,Starter,Partner,North America,11-50,0,6,4,1,0,61.9,127,1,2025-06-30
R00866,2024-08-16,Starter,Outbound,LATAM,1-10,0,3,1,1,0,30.5,129,1,2025-06-30
R00867,2024-02-21,Starter,Organic,North America,1-10,0,9,3,1,0,50.4,246,1,2025-06-30
R00868,2024-06-26,Growth,Partner,Europe,1-10,1,12,5,0,0,78.9,369,0,2025-06-30
R00869,2024-10-08,Growth,Outbound,North America,51-200,0,8,1,0,0,46.1,81,1,2025-06-30
R00870,2024-12-09,Growth,Partner,Europe,201+,0,15,5,2,1,66.6,203,0,2025-06-30
R00871,2024-11-12,Scale,Outbound,North America,1-10,1,10,5,0,1,69.0,230,0,2025-06-30
R00872,2024-10-12,Starter,Partner,Europe,11-50,0,8,1,1,0,50.7,27,1,2025-06-30
R00873,2024-09-20,Scale,Partner,APAC,201+,1,11,6,1,0,76.2,283,0,2025-06-30
R00874,2024-06-06,Starter,Outbound,Europe,51-200,0,6,5,4,0,54.9,312,1,2025-06-30
R00875,2024-07-21,Scale,Organic,Europe,51-200,0,9,4,0,1,57.2,344,0,2025-06-30
R00876,2024-11-22,Growth,Organic,North America,1-10,0,12,5,1,0,64.9,220,0,2025-06-30
R00877,2024-08-16,Starter,Paid Search,Europe,51-200,0,5,2,3,1,29.7,61,1,2025-06-30
R00878,2024-03-30,Growth,Outbound,Europe,11-50,0,2,2,1,0,22.5,128,1,2025-06-30
R00879,2024-03-30,Growth,Paid Search,LATAM,1-10,0,8,3,1,0,63.4,326,1,2025-06-30
R00880,2024-12-09,Growth,Paid Search,North America,1-10,0,11,4,1,1,59.6,203,0,2025-06-30
R00881,2024-08-10,Growth,Paid Search,Europe,51-200,0,5,2,0,0,43.9,324,0,2025-06-30
R00882,2024-03-10,Starter,Organic,LATAM,11-50,1,8,2,1,0,68.8,157,1,2025-06-30
R00883,2024-11-21,Starter,Outbound,Europe,11-50,0,11,5,1,0,63.0,221,0,2025-06-30
R00884,2024-03-28,Starter,Organic,Europe,51-200,0,2,2,0,0,61.7,459,0,2025-06-30
R00885,2024-05-07,Starter,Organic,North America,51-200,0,7,2,1,0,53.6,338,1,2025-06-30
R00886,2024-08-07,Growth,Organic,North America,11-50,1,10,2,1,0,58.0,327,0,2025-06-30
R00887,2024-08-13,Growth,Paid Search,Europe,1-10,0,10,3,3,0,57.6,321,0,2025-06-30
R00888,2024-05-12,Starter,Partner,North America,11-50,0,8,0,2,0,35.2,414,0,2025-06-30
R00889,2024-01-28,Starter,Partner,Europe,11-50,0,6,1,1,0,50.3,355,1,2025-06-30
R00890,2024-05-11,Starter,Outbound,APAC,201+,0,5,2,2,0,42.5,82,1,2025-06-30
R00891,2024-03-05,Growth,Paid Search,APAC,1-10,0,7,3,0,0,61.0,146,1,2025-06-30
R00892,2024-02-03,Starter,Partner,North America,201+,0,3,4,1,0,48.2,162,1,2025-06-30
R00893,2024-01-10,Starter,Outbound,LATAM,11-50,0,6,1,2,0,36.6,537,0,2025-06-30
R00894,2024-08-15,Starter,Partner,LATAM,51-200,0,9,1,1,0,26.7,319,0,2025-06-30
R00895,2024-03-27,Scale,Paid Search,APAC,11-50,0,18,5,2,0,73.7,460,0,2025-06-30
R00896,2024-06-03,Growth,Paid Search,LATAM,1-10,0,9,1,1,0,60.5,392,0,2025-06-30
R00897,2024-10-12,Starter,Organic,Europe,11-50,0,4,2,1,0,43.3,141,1,2025-06-30
R00898,2024-06-02,Growth,Organic,LATAM,201+,0,10,3,0,0,71.3,393,0,2025-06-30
R00899,2024-05-08,Starter,Partner,North America,11-50,1,3,4,2,0,46.1,418,0,2025-06-30
R00900,2024-05-28,Starter,Organic,Europe,51-200,0,8,1,0,0,45.3,398,0,2025-06-30
R00901,2024-03-11,Starter,Organic,North America,201+,0,6,2,3,0,41.7,476,0,2025-06-30
R00902,2024-05-04,Growth,Organic,APAC,201+,0,6,0,0,0,54.7,137,1,2025-06-30
R00903,2024-07-05,Starter,Paid Search,North America,201+,0,8,2,1,0,48.1,360,0,2025-06-30
R00904,2024-05-31,Scale,Organic,North America,51-200,1,11,6,1,0,84.1,367,1,2025-06-30
R00905,2024-04-23,Starter,Outbound,North America,1-10,0,6,1,0,1,31.1,212,1,2025-06-30
R00906,2024-07-02,Growth,Organic,North America,11-50,1,8,4,1,0,59.6,363,0,2025-06-30
R00907,2024-05-13,Growth,Paid Search,Europe,11-50,0,8,2,1,0,54.2,351,1,2025-06-30
R00908,2024-09-28,Growth,Partner,Europe,201+,0,5,4,1,0,58.3,275,0,2025-06-30
R00909,2024-12-30,Growth,Partner,North America,11-50,0,8,4,1,0,76.1,182,0,2025-06-30
R00910,2024-01-02,Growth,Organic,North America,11-50,0,9,5,2,0,60.1,284,1,2025-06-30
R00911,2024-03-24,Starter,Partner,North America,11-50,0,3,1,2,0,29.4,463,0,2025-06-30
R00912,2024-07-04,Growth,Paid Search,North America,1-10,0,7,7,1,0,68.7,361,0,2025-06-30
R00913,2024-12-10,Starter,Outbound,Europe,1-10,0,5,1,1,0,54.3,47,1,2025-06-30
R00914,2024-06-16,Starter,Organic,APAC,1-10,0,1,0,0,0,39.5,357,1,2025-06-30
R00915,2024-04-13,Growth,Organic,Europe,11-50,0,9,6,1,0,79.7,443,0,2025-06-30
R00916,2024-02-14,Growth,Organic,Europe,51-200,0,2,1,0,0,46.0,502,0,2025-06-30
R00917,2024-04-05,Starter,Outbound,North America,51-200,1,3,1,3,0,39.4,264,1,2025-06-30
R00918,2024-04-04,Starter,Organic,APAC,11-50,0,7,6,1,0,60.4,452,0,2025-06-30
R00919,2024-08-18,Starter,Outbound,Europe,11-50,0,6,1,1,0,46.5,316,0,2025-06-30
R00920,2024-12-24,Starter,Paid Search,North America,11-50,0,8,4,2,0,48.5,74,1,2025-06-30
R00921,2024-10-03,Starter,Outbound,North America,1-10,0,4,2,1,0,44.6,66,1,2025-06-30
R00922,2024-12-13,Starter,Partner,North America,1-10,0,6,3,0,0,59.0,74,1,2025-06-30
R00923,2024-09-19,Starter,Paid Search,Europe,1-10,0,3,2,0,0,34.3,256,1,2025-06-30
R00924,2024-12-16,Growth,Organic,APAC,51-200,0,9,5,1,0,57.2,43,1,2025-06-30
R00925,2024-01-04,Growth,Partner,APAC,51-200,0,4,1,1,0,44.4,414,1,2025-06-30
R00926,2024-09-09,Growth,Organic,LATAM,51-200,0,4,1,0,0,46.7,294,0,2025-06-30
R00927,2024-10-18,Scale,Paid Search,LATAM,11-50,0,10,3,2,0,50.2,216,1,2025-06-30
R00928,2024-06-24,Starter,Organic,North America,1-10,0,9,4,2,0,33.9,371,0,2025-06-30
R00929,2024-08-15,Growth,Partner,Europe,1-10,1,12,2,2,0,59.7,26,1,2025-06-30
R00930,2024-06-18,Growth,Paid Search,Europe,1-10,0,9,1,0,0,50.1,377,0,2025-06-30
R00931,2024-06-16,Scale,Paid Search,APAC,11-50,0,15,6,0,0,78.1,379,0,2025-06-30
R00932,2024-06-07,Starter,Organic,APAC,11-50,0,9,3,1,0,42.1,388,0,2025-06-30
R00933,2024-01-05,Growth,Organic,North America,1-10,0,4,2,0,0,47.7,542,0,2025-06-30
R00934,2024-08-30,Starter,Outbound,Europe,1-10,1,6,3,1,0,58.8,100,1,2025-06-30
R00935,2024-07-02,Growth,Paid Search,North America,201+,0,13,4,1,0,68.6,363,0,2025-06-30
R00936,2024-12-10,Starter,Organic,North America,1-10,0,6,3,2,0,57.4,19,1,2025-06-30
R00937,2024-01-31,Scale,Paid Search,Europe,1-10,1,14,3,2,0,71.7,516,0,2025-06-30
R00938,2024-08-22,Starter,Paid Search,APAC,1-10,1,6,3,0,0,56.5,26,1,2025-06-30
R00939,2024-04-30,Growth,Paid Search,LATAM,1-10,0,11,4,1,0,62.6,13,1,2025-06-30
R00940,2024-05-27,Growth,Organic,APAC,1-10,0,9,2,3,0,41.2,220,1,2025-06-30
R00941,2024-03-10,Growth,Paid Search,LATAM,1-10,0,4,4,1,0,58.0,365,1,2025-06-30
R00942,2024-09-08,Starter,Outbound,North America,51-200,0,5,5,0,0,67.8,295,0,2025-06-30
R00943,2024-09-07,Starter,Paid Search,APAC,11-50,0,9,2,1,0,64.2,296,0,2025-06-30
R00944,2024-04-10,Growth,Paid Search,North America,51-200,0,8,2,1,0,70.5,446,0,2025-06-30
R00945,2024-08-31,Starter,Paid Search,APAC,51-200,0,4,0,1,0,54.6,57,1,2025-06-30
R00946,2024-09-07,Growth,Organic,Europe,1-10,0,6,1,0,0,50.0,296,0,2025-06-30
R00947,2024-07-25,Starter,Outbound,Europe,1-10,0,4,2,0,0,47.6,94,1,2025-06-30
R00948,2024-12-20,Growth,Partner,LATAM,11-50,0,5,1,1,0,55.5,18,1,2025-06-30
R00949,2024-11-24,Starter,Organic,North America,1-10,0,3,1,1,0,52.4,161,1,2025-06-30
R00950,2024-03-21,Starter,Paid Search,Europe,1-10,0,5,2,0,1,57.8,316,1,2025-06-30
R00951,2024-08-06,Starter,Outbound,Europe,1-10,0,4,2,1,0,24.1,220,1,2025-06-30
R00952,2024-12-14,Scale,Paid Search,North America,11-50,0,11,1,1,0,50.1,198,0,2025-06-30
R00953,2024-03-09,Starter,Organic,North America,51-200,1,9,3,1,0,69.3,478,0,2025-06-30
R00954,2024-04-30,Starter,Paid Search,Europe,1-10,1,6,2,2,0,55.5,426,0,2025-06-30
R00955,2024-03-17,Growth,Organic,Europe,201+,1,13,10,1,0,89.8,470,0,2025-06-30
R00956,2024-02-23,Starter,Paid Search,Europe,1-10,0,7,1,3,0,30.5,82,1,2025-06-30
R00957,2024-07-12,Starter,Organic,North America,11-50,0,3,1,1,0,50.4,353,0,2025-06-30
R00958,2024-12-03,Starter,Organic,Europe,11-50,0,10,7,4,0,51.1,209,0,2025-06-30
R00959,2024-05-06,Starter,Organic,LATAM,11-50,0,11,2,3,0,45.2,85,1,2025-06-30
R00960,2024-03-14,Growth,Organic,APAC,1-10,0,14,6,0,0,68.9,13,1,2025-06-30
R00961,2024-06-04,Starter,Organic,Europe,1-10,0,7,3,0,0,62.4,214,1,2025-06-30
R00962,2024-11-15,Scale,Paid Search,North America,11-50,0,12,8,3,0,53.2,227,0,2025-06-30
R00963,2024-03-02,Starter,Partner,Europe,1-10,1,11,3,2,0,54.9,16,1,2025-06-30
R00964,2024-03-14,Growth,Organic,North America,51-200,0,6,4,0,0,56.7,473,0,2025-06-30
R00965,2024-01-17,Starter,Paid Search,APAC,1-10,0,3,2,2,0,28.1,219,1,2025-06-30
R00966,2024-11-08,Growth,Organic,APAC,51-200,0,8,2,0,0,68.1,234,0,2025-06-30
R00967,2024-01-13,Starter,Outbound,Europe,201+,0,8,2,1,0,38.2,527,1,2025-06-30
R00968,2024-09-27,Starter,Partner,APAC,1-10,1,6,1,2,0,46.4,276,0,2025-06-30
R00969,2024-12-30,Starter,Organic,North America,201+,0,6,5,1,0,58.0,182,0,2025-06-30
R00970,2024-10-15,Scale,Outbound,North America,11-50,1,15,5,3,0,59.4,258,0,2025-06-30
R00971,2024-03-06,Starter,Paid Search,North America,1-10,0,5,5,0,0,39.5,304,1,2025-06-30
R00972,2024-01-16,Starter,Organic,Europe,11-50,0,4,2,1,0,45.1,465,1,2025-06-30
R00973,2024-06-25,Growth,Organic,North America,11-50,0,12,0,1,0,71.3,149,1,2025-06-30
R00974,2024-09-01,Scale,Paid Search,North America,1-10,0,15,7,2,0,77.1,18,1,2025-06-30
R00975,2024-10-04,Starter,Paid Search,Europe,11-50,1,2,2,0,0,49.3,269,0,2025-06-30
R00976,2024-03-23,Starter,Partner,Europe,51-200,1,6,3,2,0,43.4,227,1,2025-06-30
R00977,2024-05-06,Scale,Paid Search,APAC,11-50,0,13,4,1,0,83.7,103,1,2025-06-30
R00978,2024-07-29,Starter,Paid Search,LATAM,11-50,0,5,1,1,0,49.7,239,1,2025-06-30
R00979,2024-06-01,Starter,Partner,North America,11-50,1,4,2,1,0,57.9,317,1,2025-06-30
R00980,2024-03-25,Growth,Paid Search,Europe,11-50,0,6,2,1,1,30.3,413,1,2025-06-30
R00981,2024-04-14,Growth,Paid Search,Europe,1-10,0,11,4,0,0,67.7,442,0,2025-06-30
R00982,2024-04-09,Starter,Organic,North America,51-200,0,12,3,0,1,52.0,447,0,2025-06-30
R00983,2024-04-15,Starter,Paid Search,Europe,1-10,0,7,3,1,0,65.6,10,1,2025-06-30
R00984,2024-08-19,Starter,Partner,APAC,51-200,1,11,3,0,0,69.1,315,0,2025-06-30
R00985,2024-08-29,Scale,Organic,North America,1-10,1,18,5,1,0,99.5,305,0,2025-06-30
R00986,2024-02-26,Scale,Outbound,North America,1-10,1,14,6,1,0,82.0,490,0,2025-06-30
R00987,2024-02-23,Growth,Partner,Europe,11-50,0,12,4,1,0,70.5,76,1,2025-06-30
R00988,2024-01-23,Growth,Paid Search,LATAM,1-10,0,4,0,0,0,61.4,524,0,2025-06-30
R00989,2024-09-27,Starter,Paid Search,Europe,51-200,0,6,2,1,1,29.1,34,1,2025-06-30
R00990,2024-07-25,Starter,Organic,APAC,1-10,0,7,1,0,0,59.4,340,0,2025-06-30
R00991,2024-01-24,Starter,Organic,North America,1-10,0,8,3,2,0,55.2,523,0,2025-06-30
R00992,2024-04-27,Growth,Partner,North America,1-10,0,4,3,0,0,56.1,429,0,2025-06-30
R00993,2024-07-31,Growth,Organic,North America,1-10,0,9,3,0,0,48.8,334,0,2025-06-30
R00994,2024-09-27,Starter,Organic,North America,11-50,0,2,1,4,0,9.9,263,1,2025-06-30
R00995,2024-02-01,Starter,Organic,Europe,11-50,0,9,6,0,0,68.4,515,0,2025-06-30
R00996,2024-06-14,Growth,Partner,Europe,1-10,0,4,4,0,0,65.6,95,1,2025-06-30
R00997,2024-01-15,Growth,Paid Search,North America,11-50,1,9,2,1,0,84.4,282,1,2025-06-30
R00998,2024-11-12,Growth,Organic,Europe,201+,0,3,2,1,0,47.7,230,0,2025-06-30
R00999,2024-04-10,Scale,Partner,APAC,11-50,0,11,3,2,0,42.1,446,0,2025-06-30
R01000,2024-04-26,Starter,Partner,Europe,11-50,0,5,2,3,0,29.1,86,1,2025-06-30
R01001,2024-09-10,Growth,Paid Search,Europe,1-10,0,7,6,2,0,48.9,293,0,2025-06-30
R01002,2024-05-21,Starter,Organic,APAC,1-10,1,11,2,2,0,48.3,10,1,2025-06-30
R01003,2024-11-25,Starter,Paid Search,LATAM,11-50,0,7,1,1,0,44.0,217,0,2025-06-30
R01004,2024-04-08,Starter,Outbound,North America,1-10,0,1,1,4,0,20.1,58,1,2025-06-30
R01005,2024-06-10,Starter,Outbound,APAC,201+,0,2,4,2,0,34.9,175,1,2025-06-30
R01006,2024-04-30,Starter,Outbound,Europe,1-10,0,3,5,1,0,57.0,88,1,2025-06-30
R01007,2024-04-07,Starter,Paid Search,Europe,11-50,1,9,2,1,0,59.0,136,1,2025-06-30
R01008,2024-08-09,Starter,Paid Search,North America,1-10,1,7,3,1,0,55.8,253,1,2025-06-30
R01009,2024-03-11,Scale,Organic,North America,1-10,0,14,5,0,0,65.6,476,0,2025-06-30
R01010,2024-11-08,Starter,Paid Search,North America,11-50,0,4,3,1,0,41.5,127,1,2025-06-30
R01011,2024-04-28,Starter,Paid Search,North America,1-10,0,11,3,5,0,50.0,92,1,2025-06-30
R01012,2024-01-12,Starter,Partner,Europe,11-50,1,6,3,2,1,46.0,311,1,2025-06-30
R01013,2024-08-09,Growth,Outbound,North America,1-10,0,9,4,1,0,62.3,325,0,2025-06-30
R01014,2024-05-30,Starter,Outbound,Europe,11-50,0,9,2,3,0,42.0,286,1,2025-06-30
R01015,2024-04-26,Starter,Organic,Europe,1-10,0,5,4,2,0,34.8,49,1,2025-06-30
R01016,2024-02-28,Starter,Partner,Europe,1-10,0,2,2,2,0,29.2,46,1,2025-06-30
R01017,2024-11-07,Starter,Paid Search,North America,1-10,0,5,4,2,0,42.9,235,0,2025-06-30
R01018,2024-04-22,Scale,Paid Search,Europe,11-50,0,3,7,0,1,55.5,36,1,2025-06-30
R01019,2024-05-23,Starter,Paid Search,Europe,11-50,0,3,1,2,0,45.1,360,1,2025-06-30
R01020,2024-08-01,Starter,Organic,Europe,11-50,0,6,0,3,0,23.2,241,1,2025-06-30
R01021,2024-05-12,Starter,Outbound,North America,11-50,0,6,2,2,0,38.6,414,0,2025-06-30
R01022,2024-09-06,Growth,Organic,North America,11-50,0,11,1,0,0,57.0,297,0,2025-06-30
R01023,2024-11-23,Growth,Outbound,North America,11-50,0,8,6,2,0,72.5,193,1,2025-06-30
R01024,2024-05-01,Scale,Paid Search,Europe,11-50,0,5,2,1,1,42.1,234,1,2025-06-30
R01025,2024-04-17,Growth,Paid Search,Europe,51-200,0,9,3,0,1,75.2,102,1,2025-06-30
R01026,2024-10-27,Starter,Paid Search,North America,11-50,0,1,1,0,0,36.7,4,1,2025-06-30
R01027,2024-11-08,Starter,Partner,North America,1-10,0,2,2,2,1,16.0,176,1,2025-06-30
R01028,2024-02-13,Growth,Paid Search,APAC,1-10,0,4,4,0,0,55.0,503,0,2025-06-30
R01029,2024-03-30,Starter,Paid Search,North America,1-10,0,3,3,2,0,49.5,267,1,2025-06-30
R01030,2024-03-30,Starter,Organic,Europe,1-10,0,4,3,3,0,19.0,78,1,2025-06-30
R01031,2024-09-09,Starter,Partner,North America,51-200,0,7,1,0,0,39.7,294,0,2025-06-30
R01032,2024-07-28,Starter,Paid Search,North America,51-200,1,9,2,1,1,37.5,337,0,2025-06-30
R01033,2024-08-16,Growth,Organic,APAC,1-10,1,16,5,3,0,75.7,318,0,2025-06-30
R01034,2024-09-28,Starter,Partner,APAC,1-10,0,9,5,2,0,56.1,275,0,2025-06-30
R01035,2024-11-10,Growth,Partner,LATAM,51-200,0,13,3,1,1,51.9,232,0,2025-06-30
R01036,2024-02-01,Growth,Outbound,North America,11-50,0,7,5,1,0,54.4,69,1,2025-06-30
R01037,2024-05-20,Scale,Outbound,North America,1-10,0,13,8,0,0,88.5,94,1,2025-06-30
R01038,2024-08-12,Growth,Paid Search,Europe,11-50,0,6,1,1,0,39.0,88,1,2025-06-30
R01039,2024-09-27,Starter,Organic,APAC,11-50,1,8,3,0,0,71.6,276,0,2025-06-30
R01040,2024-04-10,Growth,Outbound,Europe,11-50,1,8,5,1,0,72.0,446,0,2025-06-30
R01041,2024-05-22,Starter,Organic,LATAM,51-200,0,1,3,2,2,31.6,121,1,2025-06-30
R01042,2024-01-17,Growth,Outbound,APAC,1-10,1,12,4,1,0,63.2,530,0,2025-06-30
R01043,2024-12-01,Starter,Paid Search,APAC,51-200,1,6,1,3,1,19.5,205,1,2025-06-30
R01044,2024-10-08,Starter,Organic,North America,11-50,0,8,3,1,0,51.2,246,1,2025-06-30
R01045,2024-09-23,Growth,Partner,Europe,11-50,0,6,4,0,0,57.4,280,0,2025-06-30
R01046,2024-05-08,Growth,Paid Search,Europe,1-10,0,6,0,1,0,54.4,112,1,2025-06-30
R01047,2024-05-17,Starter,Paid Search,North America,201+,0,0,0,1,1,12.7,140,1,2025-06-30
R01048,2024-02-02,Growth,Organic,LATAM,11-50,0,10,3,0,0,77.5,514,0,2025-06-30
R01049,2024-05-22,Growth,Paid Search,North America,1-10,0,9,3,1,0,45.7,404,0,2025-06-30
R01050,2024-05-26,Scale,Organic,North America,51-200,0,12,7,2,0,65.9,400,0,2025-06-30
R01051,2024-10-07,Starter,Organic,Europe,11-50,0,7,5,3,0,38.2,146,1,2025-06-30
R01052,2024-01-12,Starter,Outbound,APAC,11-50,0,4,2,1,0,60.1,434,1,2025-06-30
R01053,2024-01-10,Scale,Paid Search,North America,11-50,1,12,9,0,0,91.5,537,0,2025-06-30
R01054,2024-03-02,Growth,Outbound,Europe,201+,0,5,1,1,0,32.8,46,1,2025-06-30
R01055,2024-10-27,Growth,Paid Search,North America,1-10,0,9,4,1,0,62.5,97,1,2025-06-30
R01056,2024-10-29,Starter,Partner,APAC,11-50,0,1,0,0,0,42.2,4,1,2025-06-30
R01057,2024-10-29,Scale,Organic,Europe,1-10,1,8,6,0,0,77.8,121,1,2025-06-30
R01058,2024-09-18,Growth,Organic,LATAM,1-10,0,17,3,0,0,74.3,285,0,2025-06-30
R01059,2024-07-09,Starter,Outbound,North America,1-10,0,7,4,2,0,50.1,356,0,2025-06-30
R01060,2024-06-06,Scale,Partner,APAC,1-10,1,14,4,3,0,54.5,389,0,2025-06-30
R01061,2024-11-17,Starter,Paid Search,North America,11-50,1,11,2,0,0,68.2,225,0,2025-06-30
R01062,2024-05-09,Starter,Paid Search,North America,51-200,0,8,2,6,0,25.7,32,1,2025-06-30
R01063,2024-11-09,Starter,Organic,North America,1-10,0,5,5,1,0,37.7,176,1,2025-06-30
R01064,2024-11-29,Scale,Partner,LATAM,201+,0,6,2,0,0,42.0,133,1,2025-06-30
R01065,2024-05-17,Starter,Partner,North America,51-200,0,6,3,6,0,46.3,173,1,2025-06-30
R01066,2024-02-23,Growth,Outbound,LATAM,1-10,0,7,3,2,1,39.1,247,1,2025-06-30
R01067,2024-11-15,Scale,Paid Search,Europe,11-50,0,6,4,2,0,50.3,227,0,2025-06-30
R01068,2024-03-18,Growth,Organic,North America,1-10,0,9,0,1,1,41.1,364,1,2025-06-30
R01069,2024-12-05,Starter,Outbound,North America,51-200,0,6,1,2,0,45.7,128,1,2025-06-30
R01070,2024-07-10,Scale,Partner,North America,11-50,0,5,5,0,0,65.9,19,1,2025-06-30
R01071,2024-07-02,Starter,Organic,North America,1-10,0,6,2,1,0,41.5,324,1,2025-06-30
R01072,2024-08-11,Growth,Paid Search,North America,11-50,0,7,4,0,0,75.5,260,1,2025-06-30
R01073,2024-07-25,Growth,Paid Search,North America,11-50,0,7,4,0,0,82.5,340,0,2025-06-30
R01074,2024-01-12,Growth,Paid Search,LATAM,201+,0,7,6,1,0,63.5,535,0,2025-06-30
R01075,2024-11-02,Starter,Partner,North America,201+,0,8,3,0,0,56.6,156,1,2025-06-30
R01076,2024-06-28,Starter,Paid Search,LATAM,201+,0,4,3,5,0,32.0,60,1,2025-06-30
R01077,2024-05-21,Starter,Paid Search,APAC,1-10,0,6,5,1,0,66.5,405,0,2025-06-30
R01078,2024-02-10,Starter,Outbound,APAC,11-50,0,7,2,2,0,45.9,287,1,2025-06-30
R01079,2024-07-18,Starter,Partner,North America,1-10,0,7,7,2,0,51.2,183,1,2025-06-30
R01080,2024-08-13,Growth,Partner,North America,11-50,1,11,3,0,0,78.5,321,0,2025-06-30
R01081,2024-02-22,Growth,Paid Search,Europe,201+,0,5,5,0,0,56.8,494,0,2025-06-30
R01082,2024-07-02,Starter,Paid Search,North America,1-10,0,4,0,1,0,31.6,186,1,2025-06-30
R01083,2024-04-02,Starter,Outbound,APAC,1-10,0,5,1,4,0,11.7,42,1,2025-06-30
R01084,2024-12-19,Starter,Paid Search,Europe,51-200,1,7,2,1,0,55.5,193,0,2025-06-30
R01085,2024-01-04,Starter,Paid Search,LATAM,11-50,0,7,4,3,0,39.4,156,1,2025-06-30
R01086,2024-03-25,Growth,Paid Search,North America,11-50,0,11,4,1,0,56.3,225,1,2025-06-30
R01087,2024-11-07,Starter,Organic,Europe,11-50,0,4,2,3,0,35.1,235,0,2025-06-30
R01088,2024-01-02,Starter,Partner,Europe,11-50,1,6,3,1,0,59.0,545,0,2025-06-30
R01089,2024-12-11,Starter,Organic,Europe,11-50,1,5,2,2,0,32.0,201,0,2025-06-30
R01090,2024-07-02,Starter,Organic,Europe,1-10,1,6,3,0,0,61.9,363,0,2025-06-30
R01091,2024-08-24,Growth,Paid Search,LATAM,51-200,0,3,4,0,0,43.4,247,1,2025-06-30
R01092,2024-04-08,Growth,Paid Search,North America,1-10,0,11,4,2,0,63.3,448,0,2025-06-30
R01093,2024-11-01,Growth,Organic,Europe,11-50,0,15,5,1,0,69.2,241,0,2025-06-30
R01094,2024-09-26,Starter,Paid Search,North America,201+,0,7,1,1,0,53.7,277,0,2025-06-30
R01095,2024-10-09,Growth,Outbound,LATAM,201+,0,4,0,2,0,35.4,85,1,2025-06-30
R01096,2024-09-04,Starter,Outbound,North America,201+,1,8,2,0,0,71.3,142,1,2025-06-30
R01097,2024-01-22,Starter,Paid Search,North America,1-10,0,7,4,4,1,27.7,53,1,2025-06-30
R01098,2024-06-15,Growth,Organic,Europe,1-10,0,13,4,2,0,66.0,380,0,2025-06-30
R01099,2024-05-31,Starter,Outbound,LATAM,11-50,0,7,7,4,0,47.7,165,1,2025-06-30
R01100,2024-10-19,Starter,Outbound,Europe,51-200,0,7,1,2,0,32.4,186,1,2025-06-30
R01101,2024-10-25,Starter,Paid Search,Europe,11-50,0,5,1,1,1,49.7,77,1,2025-06-30
R01102,2024-09-25,Starter,Organic,LATAM,11-50,0,4,0,2,0,43.6,99,1,2025-06-30
R01103,2024-05-01,Starter,Partner,LATAM,1-10,0,6,1,3,0,26.8,425,0,2025-06-30
R01104,2024-09-05,Scale,Paid Search,LATAM,11-50,1,10,7,3,0,67.8,88,1,2025-06-30
R01105,2024-09-02,Starter,Paid Search,North America,1-10,0,2,3,0,0,35.2,301,0,2025-06-30
R01106,2024-06-18,Scale,Paid Search,Europe,11-50,1,12,8,0,0,100.0,14,1,2025-06-30
R01107,2024-04-26,Starter,Partner,North America,1-10,0,3,5,2,0,51.6,214,1,2025-06-30
R01108,2024-09-13,Scale,Organic,LATAM,51-200,1,10,10,2,0,68.9,290,0,2025-06-30
R01109,2024-02-01,Starter,Organic,North America,11-50,0,3,3,1,0,45.2,66,1,2025-06-30
R01110,2024-06-29,Growth,Organic,Europe,1-10,0,6,4,1,0,61.2,366,0,2025-06-30
R01111,2024-12-24,Starter,Paid Search,LATAM,11-50,0,3,1,2,0,46.1,32,1,2025-06-30
R01112,2024-11-16,Growth,Paid Search,North America,11-50,1,10,1,1,0,58.2,145,1,2025-06-30
R01113,2024-04-25,Scale,Paid Search,Europe,1-10,0,6,5,0,0,61.9,431,0,2025-06-30
R01114,2024-11-04,Starter,Paid Search,North America,51-200,0,7,3,1,0,51.7,90,1,2025-06-30
R01115,2024-06-05,Starter,Paid Search,LATAM,1-10,0,4,1,0,0,36.1,370,1,2025-06-30
R01116,2024-08-17,Starter,Paid Search,APAC,11-50,0,2,0,5,0,11.2,38,1,2025-06-30
R01117,2024-08-17,Starter,Organic,Europe,11-50,0,10,7,1,0,75.0,291,1,2025-06-30
R01118,2024-03-03,Starter,Paid Search,APAC,11-50,0,2,2,0,0,38.0,442,1,2025-06-30
R01119,2024-05-18,Starter,Partner,Europe,1-10,1,6,1,3,0,38.2,408,0,2025-06-30
R01120,2024-03-13,Starter,Outbound,North America,11-50,0,5,3,1,0,65.1,296,1,2025-06-30
R01121,2024-04-20,Starter,Organic,North America,1-10,1,4,5,2,1,44.9,54,1,2025-06-30
R01122,2024-04-29,Starter,Partner,North America,1-10,0,6,2,0,0,49.1,41,1,2025-06-30
R01123,2024-06-03,Growth,Organic,APAC,1-10,0,11,5,1,0,77.6,372,1,2025-06-30
R01124,2024-01-03,Growth,Paid Search,North America,11-50,0,9,2,0,1,52.1,85,1,2025-06-30
R01125,2024-09-28,Growth,Partner,North America,201+,0,11,3,3,0,56.5,8,1,2025-06-30
R01126,2024-10-07,Growth,Organic,Europe,1-10,0,6,5,1,0,57.2,266,0,2025-06-30
R01127,2024-12-27,Growth,Paid Search,North America,11-50,0,15,6,0,0,64.1,185,0,2025-06-30
R01128,2024-05-20,Starter,Organic,North America,51-200,0,7,4,1,0,40.9,7,1,2025-06-30
R01129,2024-05-23,Starter,Paid Search,North America,51-200,0,6,4,2,0,40.8,8,1,2025-06-30
R01130,2024-12-20,Growth,Paid Search,Europe,11-50,0,6,2,1,0,54.4,98,1,2025-06-30
R01131,2024-10-12,Starter,Organic,Europe,1-10,0,11,7,4,0,49.1,261,0,2025-06-30
R01132,2024-12-06,Scale,Organic,Europe,11-50,0,8,7,1,0,56.2,57,1,2025-06-30
R01133,2024-04-09,Growth,Partner,LATAM,1-10,1,11,2,0,0,56.8,447,0,2025-06-30
R01134,2024-04-10,Growth,Paid Search,APAC,51-200,0,4,1,0,0,47.1,446,0,2025-06-30
R01135,2024-01-02,Growth,Organic,North America,1-10,0,14,5,0,0,83.3,545,0,2025-06-30
R01136,2024-11-10,Growth,Paid Search,Europe,1-10,0,9,1,0,0,54.4,107,1,2025-06-30
R01137,2024-05-26,Starter,Paid Search,LATAM,11-50,0,5,4,8,0,19.1,49,1,2025-06-30
R01138,2024-03-21,Scale,Organic,APAC,51-200,0,12,4,0,0,81.6,98,1,2025-06-30
R01139,2024-08-25,Growth,Organic,Europe,1-10,0,5,2,0,0,46.9,309,0,2025-06-30
R01140,2024-03-16,Starter,Paid Search,North America,1-10,0,5,1,3,0,43.8,36,1,2025-06-30
R01141,2024-06-03,Growth,Organic,Europe,11-50,0,4,1,0,0,34.5,108,1,2025-06-30
R01142,2024-01-21,Scale,Partner,Europe,1-10,1,16,7,1,0,99.7,526,0,2025-06-30
R01143,2024-11-25,Starter,Paid Search,Europe,51-200,0,5,2,2,0,61.0,160,1,2025-06-30
R01144,2024-06-07,Starter,Outbound,North America,1-10,0,3,0,4,1,12.8,123,1,2025-06-30
R01145,2024-03-05,Growth,Organic,North America,1-10,0,10,3,0,0,62.6,482,0,2025-06-30
R01146,2024-09-11,Growth,Partner,LATAM,1-10,0,8,3,2,0,49.0,292,0,2025-06-30
R01147,2024-12-17,Scale,Paid Search,LATAM,1-10,0,11,9,0,0,79.7,195,0,2025-06-30
R01148,2024-11-27,Growth,Paid Search,North America,1-10,0,9,3,2,0,47.3,215,0,2025-06-30
R01149,2024-07-14,Growth,Outbound,North America,11-50,0,11,5,1,0,65.6,351,0,2025-06-30
R01150,2024-09-24,Scale,Organic,North America,1-10,0,16,14,0,0,100.0,279,0,2025-06-30
R01151,2024-12-09,Starter,Organic,Europe,1-10,0,10,1,1,0,41.9,98,1,2025-06-30
R01152,2024-07-02,Starter,Outbound,North America,11-50,0,5,4,0,1,52.7,355,1,2025-06-30
R01153,2024-09-02,Starter,Partner,North America,51-200,0,5,5,3,0,23.7,122,1,2025-06-30
R01154,2024-08-02,Growth,Paid Search,Europe,11-50,0,9,8,0,0,67.4,332,0,2025-06-30
R01155,2024-06-18,Growth,Paid Search,North America,201+,0,8,4,0,0,78.3,377,0,2025-06-30
R01156,2024-08-14,Starter,Outbound,Europe,11-50,0,2,0,2,0,31.9,164,1,2025-06-30
R01157,2024-05-06,Scale,Paid Search,Europe,51-200,0,8,3,0,1,42.1,394,1,2025-06-30
R01158,2024-08-12,Scale,Outbound,North America,1-10,0,12,12,1,0,100.0,322,0,2025-06-30
R01159,2024-12-25,Starter,Partner,North America,201+,0,4,1,1,0,28.6,65,1,2025-06-30
R01160,2024-10-21,Scale,Paid Search,Europe,1-10,0,9,6,2,0,62.6,252,0,2025-06-30
R01161,2024-03-06,Growth,Outbound,North America,51-200,0,7,1,1,0,40.2,265,1,2025-06-30
R01162,2024-10-25,Starter,Paid Search,APAC,11-50,0,10,4,1,0,57.0,161,1,2025-06-30
R01163,2024-12-04,Growth,Organic,North America,11-50,0,11,2,2,0,48.5,208,0,2025-06-30
R01164,2024-08-30,Growth,Paid Search,APAC,1-10,1,6,2,0,0,67.9,304,0,2025-06-30
R01165,2024-01-24,Scale,Paid Search,APAC,11-50,0,8,3,0,1,29.9,116,1,2025-06-30
R01166,2024-08-26,Growth,Outbound,North America,11-50,0,7,3,0,0,79.7,308,0,2025-06-30
R01167,2024-04-08,Starter,Partner,LATAM,1-10,0,8,4,0,1,72.5,348,1,2025-06-30
R01168,2024-03-04,Starter,Organic,APAC,11-50,0,6,3,1,0,57.4,61,1,2025-06-30
R01169,2024-10-07,Starter,Organic,Europe,1-10,0,6,2,2,0,39.5,266,0,2025-06-30
R01170,2024-10-18,Starter,Organic,Europe,11-50,0,5,5,3,0,55.0,255,0,2025-06-30
R01171,2024-07-21,Growth,Paid Search,North America,1-10,0,6,3,1,0,59.0,224,1,2025-06-30
R01172,2024-03-23,Growth,Partner,Europe,51-200,1,14,3,0,0,91.0,464,0,2025-06-30
R01173,2024-03-23,Growth,Organic,Europe,1-10,0,6,4,2,0,52.0,464,0,2025-06-30
R01174,2024-06-27,Starter,Paid Search,North America,1-10,0,6,1,5,0,15.7,362,1,2025-06-30
R01175,2024-03-19,Scale,Paid Search,North America,11-50,1,16,6,0,0,92.4,468,0,2025-06-30
R01176,2024-01-17,Scale,Organic,Europe,1-10,0,11,3,0,1,61.8,174,1,2025-06-30
R01177,2024-10-07,Scale,Outbound,North America,1-10,0,4,3,0,0,50.6,266,0,2025-06-30
R01178,2024-03-30,Scale,Outbound,Europe,11-50,0,14,11,1,0,92.6,457,0,2025-06-30
R01179,2024-12-23,Growth,Paid Search,APAC,51-200,0,8,6,0,0,82.0,133,1,2025-06-30
R01180,2024-06-06,Starter,Outbound,North America,1-10,1,10,2,0,0,70.7,389,0,2025-06-30
R01181,2024-03-06,Growth,Organic,LATAM,11-50,0,13,4,2,0,62.7,481,0,2025-06-30
R01182,2024-12-13,Scale,Paid Search,North America,1-10,0,7,6,0,0,81.5,199,0,2025-06-30
R01183,2024-11-12,Growth,Paid Search,North America,1-10,1,6,5,1,0,59.9,230,0,2025-06-30
R01184,2024-02-18,Starter,Outbound,Europe,11-50,0,5,1,1,0,39.2,148,1,2025-06-30
R01185,2024-03-01,Scale,Organic,Europe,51-200,1,13,4,2,0,77.0,486,0,2025-06-30
R01186,2024-08-21,Starter,Paid Search,APAC,1-10,0,6,3,2,0,30.8,313,0,2025-06-30
R01187,2024-07-03,Scale,Outbound,North America,11-50,0,13,3,1,0,55.0,362,0,2025-06-30
R01188,2024-09-27,Scale,Partner,LATAM,11-50,1,15,10,4,0,73.3,276,0,2025-06-30
R01189,2024-05-31,Starter,Outbound,Europe,11-50,0,9,4,0,0,58.8,395,0,2025-06-30
R01190,2024-10-27,Scale,Organic,North America,1-10,0,6,6,2,0,55.9,141,1,2025-06-30
R01191,2024-11-29,Starter,Organic,APAC,51-200,1,9,4,1,0,75.6,213,0,2025-06-30
R01192,2024-10-19,Starter,Partner,LATAM,1-10,0,4,1,0,0,35.1,18,1,2025-06-30
R01193,2024-07-15,Starter,Paid Search,Europe,11-50,0,4,1,2,1,35.7,114,1,2025-06-30
R01194,2024-12-07,Growth,Organic,North America,1-10,0,8,4,1,0,52.9,205,0,2025-06-30
R01195,2024-08-27,Starter,Partner,North America,51-200,1,9,4,0,0,60.9,307,0,2025-06-30
R01196,2024-09-05,Starter,Paid Search,North America,11-50,0,7,4,2,0,54.8,298,0,2025-06-30
R01197,2024-09-25,Growth,Organic,North America,11-50,0,8,5,0,0,75.2,278,0,2025-06-30
R01198,2024-08-14,Starter,Organic,LATAM,51-200,0,5,1,2,0,51.3,320,0,2025-06-30
R01199,2024-08-10,Starter,Organic,North America,1-10,0,6,2,1,0,50.8,16,1,2025-06-30
R01200,2024-05-06,Starter,Partner,North America,1-10,0,4,3,0,0,60.0,204,1,2025-06-30
R01201,2024-08-09,Starter,Organic,Europe,1-10,1,7,4,1,0,69.1,21,1,2025-06-30
R01202,2024-06-30,Starter,Organic,APAC,1-10,0,6,2,1,0,48.1,365,0,2025-06-30
R01203,2024-05-05,Growth,Paid Search,North America,11-50,0,11,3,2,0,55.6,421,0,2025-06-30
R01204,2024-01-08,Starter,Outbound,North America,1-10,0,8,3,2,0,49.9,483,1,2025-06-30
R01205,2024-01-16,Growth,Paid Search,North America,51-200,0,9,0,1,0,52.8,531,0,2025-06-30
R01206,2024-01-09,Growth,Paid Search,North America,11-50,1,8,2,0,0,72.4,538,0,2025-06-30
R01207,2024-01-06,Growth,Organic,North America,1-10,0,11,4,0,0,68.5,541,0,2025-06-30
R01208,2024-12-29,Starter,Paid Search,North America,11-50,0,2,2,1,0,29.5,183,0,2025-06-30
R01209,2024-09-23,Growth,Paid Search,APAC,51-200,0,11,7,2,0,55.7,243,1,2025-06-30
R01210,2024-06-11,Growth,Partner,North America,11-50,0,4,1,0,0,30.2,199,1,2025-06-30
R01211,2024-07-25,Scale,Paid Search,Europe,1-10,0,15,8,1,1,90.2,290,1,2025-06-30
R01212,2024-06-11,Scale,Paid Search,LATAM,1-10,0,12,5,2,0,71.9,384,0,2025-06-30
R01213,2024-11-05,Starter,Organic,APAC,1-10,0,8,2,2,0,51.6,136,1,2025-06-30
R01214,2024-05-13,Starter,Outbound,North America,1-10,0,2,1,0,0,55.6,175,1,2025-06-30
R01215,2024-09-23,Starter,Outbound,LATAM,1-10,1,5,2,0,0,50.1,280,0,2025-06-30
R01216,2024-05-06,Starter,Paid Search,North America,1-10,0,11,1,3,0,66.1,119,1,2025-06-30
R01217,2024-02-05,Starter,Organic,APAC,11-50,0,6,1,0,0,63.3,511,0,2025-06-30
R01218,2024-08-19,Starter,Paid Search,North America,51-200,0,5,2,1,0,38.5,66,1,2025-06-30
R01219,2024-06-23,Starter,Organic,LATAM,1-10,0,5,4,2,0,52.8,286,1,2025-06-30
R01220,2024-05-22,Growth,Organic,North America,11-50,0,7,2,0,0,36.1,404,0,2025-06-30
R01221,2024-09-03,Starter,Organic,LATAM,11-50,0,4,1,5,0,16.4,43,1,2025-06-30
R01222,2024-03-13,Scale,Organic,APAC,11-50,0,7,5,2,0,57.8,474,0,2025-06-30
R01223,2024-02-05,Starter,Outbound,APAC,11-50,0,10,5,2,0,59.9,234,1,2025-06-30
R01224,2024-04-21,Growth,Paid Search,North America,11-50,0,6,4,0,0,63.4,435,0,2025-06-30
R01225,2024-12-18,Starter,Organic,North America,11-50,0,7,2,1,2,40.6,45,1,2025-06-30
R01226,2024-02-05,Starter,Paid Search,North America,51-200,1,4,2,0,0,58.4,285,1,2025-06-30
R01227,2024-11-28,Growth,Outbound,Europe,11-50,0,11,5,1,0,56.4,69,1,2025-06-30
R01228,2024-07-23,Starter,Partner,North America,51-200,0,7,2,2,0,38.5,201,1,2025-06-30
R01229,2024-08-09,Starter,Organic,APAC,11-50,0,2,3,1,2,33.0,325,0,2025-06-30
R01230,2024-12-20,Starter,Paid Search,North America,51-200,0,7,5,4,0,49.2,77,1,2025-06-30
R01231,2024-10-29,Starter,Partner,Europe,201+,0,4,3,2,0,25.1,66,1,2025-06-30
R01232,2024-08-27,Starter,Paid Search,Europe,1-10,0,7,3,2,0,48.2,124,1,2025-06-30
R01233,2024-02-13,Scale,Paid Search,Europe,1-10,0,10,6,1,1,75.1,503,0,2025-06-30
R01234,2024-10-24,Starter,Outbound,North America,1-10,0,11,4,2,0,59.4,249,0,2025-06-30
R01235,2024-11-27,Starter,Organic,APAC,51-200,0,0,2,2,0,34.9,94,1,2025-06-30
R01236,2024-06-04,Starter,Organic,North America,1-10,0,4,0,0,0,48.0,181,1,2025-06-30
R01237,2024-12-11,Starter,Paid Search,North America,51-200,0,5,1,1,0,60.8,156,1,2025-06-30
R01238,2024-04-17,Starter,Paid Search,LATAM,11-50,0,5,2,1,0,41.3,439,0,2025-06-30
R01239,2024-06-01,Starter,Outbound,LATAM,1-10,0,5,2,1,0,54.0,369,1,2025-06-30
R01240,2024-07-03,Starter,Outbound,APAC,1-10,0,6,0,1,1,36.6,233,1,2025-06-30
R01241,2024-01-05,Scale,Organic,APAC,11-50,0,7,9,0,0,81.0,542,0,2025-06-30
R01242,2024-05-17,Growth,Paid Search,North America,11-50,1,7,6,0,0,76.9,409,0,2025-06-30
R01243,2024-11-16,Starter,Partner,LATAM,11-50,0,4,2,2,0,34.4,40,1,2025-06-30
R01244,2024-06-05,Starter,Organic,North America,1-10,0,6,1,1,1,28.6,124,1,2025-06-30
R01245,2024-09-08,Starter,Organic,APAC,1-10,0,6,2,1,0,39.1,68,1,2025-06-30
R01246,2024-10-25,Growth,Partner,North America,51-200,0,6,2,1,0,49.6,248,0,2025-06-30
R01247,2024-12-11,Growth,Paid Search,Europe,201+,0,2,2,0,0,19.0,201,0,2025-06-30
R01248,2024-04-11,Growth,Paid Search,Europe,11-50,1,11,5,2,0,75.1,54,1,2025-06-30
R01249,2024-11-15,Growth,Paid Search,LATAM,11-50,0,13,3,1,1,56.8,49,1,2025-06-30
R01250,2024-06-12,Starter,Outbound,Europe,1-10,0,4,0,4,0,19.7,259,1,2025-06-30
R01251,2024-06-18,Starter,Organic,APAC,1-10,0,2,0,0,0,23.5,149,1,2025-06-30
R01252,2024-05-09,Growth,Paid Search,North America,1-10,1,20,5,1,0,82.2,417,0,2025-06-30
R01253,2024-09-09,Starter,Organic,North America,1-10,0,7,5,1,0,45.6,153,1,2025-06-30
R01254,2024-09-15,Growth,Organic,APAC,11-50,0,11,3,0,0,60.1,288,0,2025-06-30
R01255,2024-05-08,Growth,Partner,North America,1-10,0,9,1,0,0,66.4,418,0,2025-06-30
R01256,2024-07-20,Growth,Organic,Europe,201+,0,7,1,1,0,58.5,300,1,2025-06-30
R01257,2024-05-18,Growth,Organic,Europe,11-50,0,8,2,1,1,59.4,408,0,2025-06-30
R01258,2024-01-19,Growth,Organic,LATAM,1-10,0,13,3,1,0,82.4,528,0,2025-06-30
R01259,2024-03-16,Starter,Partner,APAC,51-200,0,7,3,1,0,48.3,326,1,2025-06-30
R01260,2024-10-30,Scale,Organic,Europe,1-10,1,13,5,0,0,77.2,243,0,2025-06-30
R01261,2024-07-28,Growth,Paid Search,Europe,11-50,0,9,3,0,0,51.1,337,0,2025-06-30
R01262,2024-10-12,Scale,Outbound,North America,11-50,1,6,7,2,0,80.8,261,0,2025-06-30
R01263,2024-08-04,Starter,Paid Search,APAC,11-50,0,5,3,1,0,45.1,330,0,2025-06-30
R01264,2024-03-08,Starter,Paid Search,APAC,1-10,1,7,5,3,0,46.6,14,1,2025-06-30
R01265,2024-04-15,Growth,Organic,North America,1-10,0,9,2,0,0,52.2,441,0,2025-06-30
R01266,2024-02-28,Growth,Paid Search,North America,1-10,1,8,2,0,1,54.3,290,1,2025-06-30
R01267,2024-04-03,Starter,Organic,North America,51-200,1,4,2,1,0,62.4,78,1,2025-06-30
R01268,2024-06-26,Starter,Partner,North America,11-50,0,5,2,2,0,50.4,369,0,2025-06-30
R01269,2024-10-07,Starter,Paid Search,North America,11-50,0,5,1,2,0,42.8,33,1,2025-06-30
R01270,2024-07-28,Scale,Organic,Europe,11-50,0,6,5,2,0,68.1,224,1,2025-06-30
R01271,2024-12-19,Scale,Paid Search,Europe,11-50,1,8,2,1,0,68.2,193,0,2025-06-30
R01272,2024-07-15,Growth,Paid Search,Europe,11-50,1,9,3,0,0,57.1,204,1,2025-06-30
R01273,2024-08-03,Growth,Paid Search,North America,1-10,0,6,2,2,0,38.5,76,1,2025-06-30
R01274,2024-09-09,Growth,Paid Search,North America,51-200,0,8,2,0,0,58.4,294,0,2025-06-30
R01275,2024-11-14,Growth,Partner,North America,1-10,0,10,2,0,0,50.0,228,0,2025-06-30
R01276,2024-12-04,Scale,Partner,LATAM,51-200,1,11,8,1,0,90.2,208,0,2025-06-30
R01277,2024-04-16,Growth,Organic,LATAM,11-50,0,5,5,0,0,62.6,440,0,2025-06-30
R01278,2024-09-03,Growth,Organic,Europe,11-50,0,9,5,2,1,45.6,39,1,2025-06-30
R01279,2024-07-29,Scale,Partner,LATAM,51-200,0,9,5,3,0,45.0,233,1,2025-06-30
R01280,2024-03-18,Growth,Outbound,North America,1-10,1,13,2,0,0,91.5,469,0,2025-06-30
R01281,2024-12-17,Growth,Organic,APAC,1-10,1,14,2,0,1,78.7,195,0,2025-06-30
R01282,2024-03-20,Starter,Organic,North America,11-50,0,4,6,2,0,49.9,433,1,2025-06-30
R01283,2024-09-05,Starter,Organic,Europe,11-50,1,12,3,1,0,72.3,298,0,2025-06-30
R01284,2024-02-02,Growth,Outbound,Europe,11-50,0,9,2,0,1,48.3,214,1,2025-06-30
R01285,2024-11-12,Scale,Outbound,Europe,201+,0,9,6,2,0,71.0,230,0,2025-06-30
R01286,2024-11-24,Growth,Organic,North America,1-10,1,11,3,0,0,88.4,218,0,2025-06-30
R01287,2024-08-20,Starter,Paid Search,Europe,11-50,0,6,3,0,1,44.8,21,1,2025-06-30
R01288,2024-12-11,Starter,Partner,North America,11-50,0,3,1,0,1,45.1,201,0,2025-06-30
R01289,2024-10-29,Starter,Outbound,Europe,1-10,0,6,1,1,0,45.4,226,1,2025-06-30
R01290,2024-07-18,Growth,Partner,North America,11-50,0,0,3,1,0,45.2,111,1,2025-06-30
R01291,2024-11-02,Starter,Partner,Europe,11-50,1,4,0,0,0,45.3,240,0,2025-06-30
R01292,2024-05-28,Scale,Paid Search,Europe,201+,0,15,2,1,0,64.4,398,0,2025-06-30
R01293,2024-03-17,Growth,Organic,North America,11-50,0,10,5,3,0,56.1,470,0,2025-06-30
R01294,2024-10-02,Starter,Outbound,LATAM,1-10,0,5,1,2,0,60.1,271,0,2025-06-30
R01295,2024-08-29,Growth,Partner,APAC,1-10,0,3,4,2,0,48.3,305,0,2025-06-30
R01296,2024-01-08,Starter,Paid Search,North America,1-10,0,6,9,0,1,66.0,294,1,2025-06-30
R01297,2024-02-28,Growth,Partner,LATAM,1-10,1,4,5,3,0,45.8,488,0,2025-06-30
R01298,2024-09-01,Starter,Organic,North America,201+,0,1,0,2,0,24.0,290,1,2025-06-30
R01299,2024-08-07,Growth,Partner,Europe,11-50,0,5,5,0,0,54.3,327,0,2025-06-30
R01300,2024-01-24,Growth,Organic,North America,201+,0,6,0,2,0,28.0,100,1,2025-06-30
R01301,2024-08-31,Growth,Outbound,APAC,1-10,0,9,6,1,0,74.2,303,0,2025-06-30
R01302,2024-07-30,Scale,Paid Search,Europe,1-10,1,12,11,0,1,93.7,335,0,2025-06-30
R01303,2024-09-14,Starter,Paid Search,Europe,201+,0,5,2,1,0,45.9,124,1,2025-06-30
R01304,2024-03-26,Growth,Partner,Europe,201+,0,13,7,0,0,73.7,461,0,2025-06-30
R01305,2024-08-31,Starter,Paid Search,North America,1-10,0,4,0,2,0,40.3,16,1,2025-06-30
R01306,2024-04-25,Starter,Partner,APAC,1-10,0,3,3,2,0,35.3,431,0,2025-06-30
R01307,2024-07-26,Starter,Organic,Europe,11-50,0,4,3,0,1,51.2,34,1,2025-06-30
R01308,2024-08-19,Starter,Organic,Europe,201+,0,4,1,1,0,54.7,315,0,2025-06-30
R01309,2024-08-23,Growth,Partner,Europe,1-10,0,6,3,0,0,62.4,311,0,2025-06-30
R01310,2024-01-25,Growth,Outbound,Europe,1-10,0,10,4,2,0,63.5,154,1,2025-06-30
R01311,2024-11-11,Starter,Paid Search,North America,11-50,0,6,4,1,0,51.9,231,0,2025-06-30
R01312,2024-03-30,Starter,Outbound,North America,11-50,0,5,3,2,0,44.6,366,1,2025-06-30
R01313,2024-10-28,Scale,Partner,North America,1-10,0,11,8,1,0,78.3,245,0,2025-06-30
R01314,2024-10-03,Growth,Paid Search,APAC,1-10,0,5,3,0,0,59.0,119,1,2025-06-30
R01315,2024-11-09,Starter,Partner,North America,11-50,0,5,2,2,0,40.9,233,0,2025-06-30
R01316,2024-11-28,Starter,Paid Search,North America,1-10,0,1,1,2,0,47.9,36,1,2025-06-30
R01317,2024-11-15,Growth,Outbound,North America,11-50,0,10,5,2,0,59.9,227,0,2025-06-30
R01318,2024-02-28,Growth,Outbound,LATAM,201+,0,10,3,1,0,72.6,362,1,2025-06-30
R01319,2024-01-27,Scale,Paid Search,Europe,11-50,0,12,4,0,0,86.0,520,0,2025-06-30
R01320,2024-07-29,Starter,Organic,LATAM,1-10,0,2,2,3,0,49.1,239,1,2025-06-30
R01321,2024-08-21,Starter,Paid Search,Europe,1-10,1,10,5,0,0,86.4,313,0,2025-06-30
R01322,2024-05-01,Starter,Paid Search,North America,11-50,0,7,3,1,0,43.2,123,1,2025-06-30
R01323,2024-08-05,Growth,Paid Search,Europe,11-50,0,4,4,3,0,47.3,125,1,2025-06-30
R01324,2024-02-09,Growth,Organic,North America,11-50,0,9,7,2,0,52.6,302,1,2025-06-30
R01325,2024-07-17,Starter,Partner,North America,51-200,1,9,1,4,0,40.9,35,1,2025-06-30
R01326,2024-02-11,Growth,Outbound,North America,11-50,0,4,2,0,1,43.6,104,1,2025-06-30
R01327,2024-08-08,Growth,Outbound,APAC,11-50,0,7,1,2,0,46.3,326,0,2025-06-30
R01328,2024-04-17,Starter,Paid Search,Europe,51-200,0,6,4,0,0,53.9,87,1,2025-06-30
R01329,2024-07-10,Growth,Organic,APAC,51-200,0,10,3,0,0,75.3,301,1,2025-06-30
R01330,2024-02-23,Scale,Outbound,Europe,11-50,0,12,6,2,0,72.6,493,0,2025-06-30
R01331,2024-11-16,Growth,Paid Search,LATAM,51-200,0,8,3,1,0,54.6,15,1,2025-06-30
R01332,2024-08-29,Growth,Organic,APAC,11-50,0,10,3,0,0,66.7,305,0,2025-06-30
R01333,2024-04-12,Growth,Paid Search,APAC,1-10,0,4,2,0,0,37.6,94,1,2025-06-30
R01334,2024-03-07,Starter,Organic,Europe,11-50,0,5,4,2,0,36.8,31,1,2025-06-30
R01335,2024-10-13,Starter,Organic,APAC,1-10,0,7,3,1,0,52.9,260,0,2025-06-30
R01336,2024-06-05,Scale,Partner,Europe,1-10,1,12,8,0,0,97.4,390,0,2025-06-30
R01337,2024-12-25,Starter,Outbound,Europe,1-10,0,7,2,2,0,50.5,187,0,2025-06-30
R01338,2024-05-09,Growth,Paid Search,APAC,1-10,0,12,1,0,0,69.7,417,0,2025-06-30
R01339,2024-01-17,Starter,Organic,Europe,1-10,0,5,2,1,1,26.8,372,1,2025-06-30
R01340,2024-08-20,Starter,Partner,North America,1-10,0,8,4,1,0,60.8,314,0,2025-06-30
R01341,2024-08-17,Growth,Organic,Europe,11-50,0,8,7,2,1,60.6,317,0,2025-06-30
R01342,2024-04-06,Starter,Paid Search,APAC,11-50,0,6,1,1,0,40.7,54,1,2025-06-30
R01343,2024-02-24,Growth,Paid Search,Europe,51-200,0,12,2,0,0,59.2,492,0,2025-06-30
R01344,2024-03-29,Starter,Partner,Europe,1-10,0,4,5,0,1,32.9,458,0,2025-06-30
R01345,2024-10-15,Starter,Partner,Europe,11-50,1,3,1,4,0,28.7,258,0,2025-06-30
R01346,2024-06-04,Growth,Paid Search,Europe,1-10,0,13,2,0,0,54.3,391,0,2025-06-30
R01347,2024-09-11,Growth,Outbound,North America,11-50,0,9,6,0,1,57.4,292,0,2025-06-30
R01348,2024-10-10,Starter,Paid Search,Europe,1-10,0,7,2,2,0,54.7,45,1,2025-06-30
R01349,2024-09-21,Starter,Paid Search,North America,11-50,0,1,0,4,2,0.0,58,1,2025-06-30
R01350,2024-08-31,Growth,Partner,Europe,11-50,0,7,1,1,0,35.6,169,1,2025-06-30
R01351,2024-11-08,Scale,Organic,Europe,1-10,0,14,4,0,0,70.6,234,0,2025-06-30
R01352,2024-09-06,Scale,Organic,Europe,11-50,0,12,7,1,0,61.0,297,0,2025-06-30
R01353,2024-03-10,Growth,Outbound,North America,11-50,0,21,6,1,0,100.0,477,0,2025-06-30
R01354,2024-07-14,Starter,Organic,Europe,11-50,0,10,0,3,0,53.6,68,1,2025-06-30
R01355,2024-05-19,Starter,Paid Search,North America,11-50,0,7,3,1,1,33.1,4,1,2025-06-30
R01356,2024-04-10,Starter,Outbound,Europe,1-10,0,4,1,0,0,59.8,210,1,2025-06-30
R01357,2024-09-06,Scale,Paid Search,Europe,11-50,0,10,5,1,0,57.6,297,0,2025-06-30
R01358,2024-11-05,Growth,Organic,Europe,11-50,0,14,2,0,0,64.7,237,0,2025-06-30
R01359,2024-11-19,Growth,Outbound,Europe,1-10,0,8,3,0,0,67.9,223,0,2025-06-30
R01360,2024-06-13,Starter,Paid Search,APAC,11-50,0,11,6,1,0,81.7,382,0,2025-06-30
R01361,2024-08-11,Growth,Partner,Europe,11-50,0,7,2,0,0,47.9,323,0,2025-06-30
R01362,2024-11-20,Starter,Paid Search,North America,51-200,1,7,2,2,0,62.5,222,0,2025-06-30
R01363,2024-01-14,Starter,Organic,North America,1-10,0,7,3,0,0,70.1,533,0,2025-06-30
R01364,2024-10-14,Starter,Partner,North America,11-50,0,6,3,5,0,41.3,259,0,2025-06-30
R01365,2024-09-08,Growth,Paid Search,Europe,1-10,0,8,1,3,0,24.9,65,1,2025-06-30
R01366,2024-01-28,Scale,Organic,North America,51-200,0,6,7,0,0,72.1,519,0,2025-06-30
R01367,2024-08-25,Starter,Organic,North America,1-10,0,3,1,0,0,51.7,19,1,2025-06-30
R01368,2024-05-14,Starter,Organic,LATAM,1-10,0,5,2,3,0,32.7,171,1,2025-06-30
R01369,2024-10-06,Scale,Organic,Europe,1-10,0,14,8,0,0,92.1,267,0,2025-06-30
R01370,2024-10-11,Starter,Paid Search,North America,1-10,0,4,1,1,0,49.0,262,0,2025-06-30
R01371,2024-01-19,Growth,Organic,North America,11-50,0,11,3,1,0,56.9,83,1,2025-06-30
R01372,2024-02-23,Growth,Paid Search,Europe,51-200,0,11,3,1,0,65.6,493,0,2025-06-30
R01373,2024-09-21,Starter,Organic,Europe,51-200,0,7,4,0,0,72.8,282,0,2025-06-30
R01374,2024-05-06,Starter,Organic,North America,51-200,0,6,6,3,1,29.6,204,1,2025-06-30
R01375,2024-12-05,Growth,Partner,Europe,201+,0,7,4,0,1,52.6,207,0,2025-06-30
R01376,2024-02-16,Starter,Paid Search,North America,1-10,0,9,4,3,0,48.6,151,1,2025-06-30
R01377,2024-11-09,Starter,Paid Search,Europe,1-10,0,2,1,1,0,39.0,233,0,2025-06-30
R01378,2024-06-21,Starter,Paid Search,North America,1-10,0,5,1,2,0,34.2,374,0,2025-06-30
R01379,2024-08-09,Growth,Organic,APAC,11-50,0,9,8,0,0,70.2,325,0,2025-06-30
R01380,2024-09-08,Growth,Partner,APAC,1-10,0,11,2,2,0,51.0,213,1,2025-06-30
R01381,2024-02-01,Starter,Outbound,Europe,51-200,0,6,1,0,0,39.5,97,1,2025-06-30
R01382,2024-04-24,Starter,Organic,LATAM,201+,0,7,3,1,0,57.2,432,0,2025-06-30
R01383,2024-12-08,Growth,Outbound,North America,1-10,0,9,1,0,0,54.9,204,0,2025-06-30
R01384,2024-04-11,Starter,Organic,North America,1-10,0,9,1,1,0,57.6,185,1,2025-06-30
R01385,2024-10-05,Growth,Paid Search,North America,51-200,0,3,3,0,0,60.3,80,1,2025-06-30
R01386,2024-03-03,Starter,Paid Search,Europe,201+,0,7,4,1,0,43.5,70,1,2025-06-30
R01387,2024-05-16,Starter,Paid Search,LATAM,201+,0,3,2,2,0,35.8,272,1,2025-06-30
R01388,2024-01-03,Starter,Paid Search,Europe,11-50,1,7,3,2,0,48.3,24,1,2025-06-30
R01389,2024-02-02,Growth,Outbound,Europe,1-10,0,8,2,0,0,33.6,9,1,2025-06-30
R01390,2024-06-07,Starter,Paid Search,North America,11-50,1,6,0,0,0,56.7,292,1,2025-06-30
R01391,2024-01-02,Growth,Outbound,North America,11-50,0,14,2,0,0,65.0,545,1,2025-06-30
R01392,2024-10-17,Starter,Organic,Europe,51-200,0,7,6,0,0,69.8,256,0,2025-06-30
R01393,2024-08-12,Growth,Paid Search,North America,11-50,0,8,7,1,0,69.7,322,0,2025-06-30
R01394,2024-07-14,Starter,Partner,APAC,1-10,1,3,0,0,0,55.0,344,1,2025-06-30
R01395,2024-01-14,Starter,Partner,Europe,51-200,0,5,2,1,1,46.6,58,1,2025-06-30
R01396,2024-10-14,Starter,Organic,North America,1-10,1,10,4,1,0,68.2,259,0,2025-06-30
R01397,2024-07-10,Growth,Organic,APAC,1-10,0,6,1,1,0,53.7,355,0,2025-06-30
R01398,2024-07-15,Starter,Paid Search,APAC,51-200,0,9,1,2,1,35.6,327,1,2025-06-30
R01399,2024-05-13,Growth,Partner,Europe,11-50,0,13,2,0,0,75.6,381,1,2025-06-30
R01400,2024-04-09,Starter,Paid Search,LATAM,1-10,0,6,1,1,0,32.1,146,1,2025-06-30
R01401,2024-03-08,Growth,Partner,APAC,11-50,0,8,1,1,0,48.5,295,1,2025-06-30
R01402,2024-01-20,Growth,Organic,Europe,11-50,0,8,1,0,0,49.4,510,1,2025-06-30
R01403,2024-11-07,Starter,Paid Search,LATAM,1-10,0,6,1,1,0,54.5,235,0,2025-06-30
R01404,2024-04-24,Growth,Partner,North America,201+,0,10,4,1,0,56.8,432,0,2025-06-30
R01405,2024-09-16,Starter,Paid Search,LATAM,1-10,0,7,2,3,0,56.4,287,0,2025-06-30
R01406,2024-03-13,Starter,Outbound,LATAM,11-50,0,4,2,6,1,0.0,52,1,2025-06-30
R01407,2024-10-29,Scale,Paid Search,APAC,1-10,0,11,4,1,0,58.5,244,0,2025-06-30
R01408,2024-03-14,Starter,Organic,North America,1-10,1,8,2,2,0,32.2,389,1,2025-06-30
R01409,2024-10-25,Starter,Partner,Europe,11-50,0,3,2,0,0,53.3,41,1,2025-06-30
R01410,2024-05-11,Growth,Paid Search,Europe,11-50,0,9,4,1,0,65.5,415,0,2025-06-30
R01411,2024-02-28,Starter,Paid Search,North America,11-50,0,5,2,1,0,48.9,488,0,2025-06-30
R01412,2024-08-25,Scale,Paid Search,Europe,51-200,0,15,7,0,0,94.3,309,0,2025-06-30
R01413,2024-08-10,Starter,Partner,Europe,11-50,0,5,0,2,0,32.6,143,1,2025-06-30
R01414,2024-04-06,Starter,Outbound,APAC,1-10,0,4,2,2,0,57.6,450,0,2025-06-30
R01415,2024-09-15,Scale,Paid Search,APAC,11-50,0,13,5,1,0,59.3,288,0,2025-06-30
R01416,2024-07-04,Growth,Organic,APAC,11-50,1,13,6,1,0,86.2,361,0,2025-06-30
R01417,2024-05-19,Growth,Paid Search,Europe,11-50,0,6,3,0,0,63.5,79,1,2025-06-30
R01418,2024-04-10,Growth,Outbound,Europe,1-10,0,7,0,0,0,40.2,167,1,2025-06-30
R01419,2024-06-26,Growth,Outbound,North America,1-10,0,2,1,0,0,62.6,369,0,2025-06-30
R01420,2024-09-22,Starter,Partner,Europe,1-10,1,9,4,0,0,80.4,281,0,2025-06-30
R01421,2024-05-23,Scale,Organic,Europe,201+,1,11,6,2,0,73.4,403,0,2025-06-30
R01422,2024-10-13,Scale,Partner,LATAM,11-50,1,8,4,2,0,62.3,260,0,2025-06-30
R01423,2024-03-30,Starter,Outbound,Europe,1-10,0,3,3,2,0,42.1,147,1,2025-06-30
R01424,2024-08-02,Growth,Partner,Europe,11-50,0,3,2,1,1,47.1,25,1,2025-06-30
R01425,2024-03-13,Growth,Organic,APAC,1-10,0,13,7,1,0,75.5,474,0,2025-06-30
R01426,2024-12-27,Starter,Paid Search,North America,11-50,0,1,3,1,0,35.7,164,1,2025-06-30
R01427,2024-05-12,Growth,Outbound,North America,1-10,1,7,0,0,0,52.6,414,0,2025-06-30
R01428,2024-12-04,Starter,Paid Search,North America,1-10,0,2,3,2,0,50.3,74,1,2025-06-30
R01429,2024-01-10,Starter,Paid Search,Europe,1-10,0,5,3,1,0,45.1,300,1,2025-06-30
R01430,2024-03-05,Starter,Partner,North America,1-10,0,3,1,1,0,38.0,147,1,2025-06-30
R01431,2024-06-15,Growth,Organic,Europe,1-10,0,6,3,3,0,32.7,32,1,2025-06-30
R01432,2024-12-19,Growth,Organic,Europe,1-10,0,6,3,3,0,53.6,193,0,2025-06-30
R01433,2024-06-18,Starter,Partner,North America,1-10,1,4,3,2,0,46.4,214,1,2025-06-30
R01434,2024-03-16,Starter,Paid Search,Europe,11-50,0,5,1,3,0,31.5,137,1,2025-06-30
R01435,2024-04-13,Growth,Organic,Europe,1-10,0,10,4,1,0,64.1,443,0,2025-06-30
R01436,2024-07-06,Growth,Paid Search,North America,51-200,0,5,2,1,0,41.3,106,1,2025-06-30
R01437,2024-12-04,Starter,Organic,North America,1-10,0,3,1,2,0,33.0,72,1,2025-06-30
R01438,2024-02-25,Starter,Paid Search,Europe,1-10,1,7,0,1,0,65.1,393,1,2025-06-30
R01439,2024-01-04,Growth,Outbound,North America,11-50,0,1,1,0,0,34.4,543,0,2025-06-30
R01440,2024-08-26,Starter,Organic,LATAM,51-200,0,4,4,1,0,44.4,106,1,2025-06-30
R01441,2024-05-01,Starter,Paid Search,North America,201+,1,6,2,1,0,47.7,65,1,2025-06-30
R01442,2024-01-08,Growth,Partner,North America,51-200,1,7,3,0,0,67.2,266,1,2025-06-30
R01443,2024-08-06,Starter,Paid Search,Europe,201+,1,7,3,2,0,59.9,328,0,2025-06-30
R01444,2024-05-04,Starter,Outbound,LATAM,201+,0,5,4,2,0,49.3,422,0,2025-06-30
R01445,2024-10-30,Starter,Organic,APAC,11-50,0,5,0,2,0,38.3,119,1,2025-06-30
R01446,2024-06-03,Starter,Paid Search,Europe,11-50,0,3,4,0,0,71.5,183,1,2025-06-30
R01447,2024-03-08,Growth,Organic,APAC,1-10,0,8,1,1,0,46.5,479,0,2025-06-30
R01448,2024-11-24,Growth,Organic,APAC,201+,0,4,0,2,0,19.0,31,1,2025-06-30
R01449,2024-01-30,Starter,Paid Search,North America,11-50,0,4,0,2,0,21.0,47,1,2025-06-30
R01450,2024-09-14,Growth,Outbound,North America,11-50,0,9,4,1,0,47.2,69,1,2025-06-30
R01451,2024-10-19,Growth,Paid Search,North America,1-10,0,9,2,0,0,67.0,254,0,2025-06-30
R01452,2024-10-23,Growth,Outbound,Europe,1-10,0,13,6,0,0,81.4,250,0,2025-06-30
R01453,2024-04-21,Starter,Partner,North America,51-200,1,6,3,5,0,16.9,422,1,2025-06-30
R01454,2024-01-15,Growth,Paid Search,North America,201+,0,6,3,0,0,52.2,527,1,2025-06-30
R01455,2024-11-01,Starter,Partner,APAC,1-10,0,6,3,2,0,39.4,125,1,2025-06-30
R01456,2024-05-06,Starter,Paid Search,APAC,11-50,0,3,4,4,0,17.6,143,1,2025-06-30
R01457,2024-01-05,Scale,Partner,North America,11-50,0,10,5,0,0,69.9,542,0,2025-06-30
R01458,2024-03-31,Starter,Organic,North America,1-10,0,10,1,0,0,68.2,456,0,2025-06-30
R01459,2024-04-29,Growth,Partner,LATAM,11-50,0,13,4,1,0,55.3,276,1,2025-06-30
R01460,2024-02-09,Scale,Partner,North America,1-10,1,10,1,1,0,74.0,507,0,2025-06-30
R01461,2024-07-22,Growth,Partner,Europe,1-10,0,10,5,1,0,72.3,343,0,2025-06-30
R01462,2024-08-01,Starter,Partner,Europe,201+,0,4,4,1,0,36.6,333,0,2025-06-30
R01463,2024-06-30,Starter,Organic,APAC,51-200,1,14,6,1,0,88.3,365,0,2025-06-30
R01464,2024-08-22,Growth,Organic,North America,1-10,0,15,6,1,0,84.5,312,0,2025-06-30
R01465,2024-12-12,Starter,Outbound,North America,1-10,0,4,0,2,0,28.4,86,1,2025-06-30
R01466,2024-11-10,Growth,Outbound,LATAM,1-10,0,10,1,2,0,55.0,232,0,2025-06-30
R01467,2024-11-12,Starter,Organic,North America,51-200,0,2,1,3,0,37.1,83,1,2025-06-30
R01468,2024-06-06,Starter,Paid Search,LATAM,1-10,0,8,1,2,0,28.8,179,1,2025-06-30
R01469,2024-01-24,Scale,Organic,Europe,1-10,0,11,6,3,0,58.0,523,0,2025-06-30
R01470,2024-01-13,Scale,Paid Search,North America,11-50,0,10,6,2,0,55.5,298,1,2025-06-30
R01471,2024-01-27,Starter,Organic,LATAM,11-50,0,3,0,4,0,21.0,99,1,2025-06-30
R01472,2024-04-03,Starter,Organic,North America,1-10,0,1,3,3,0,19.6,137,1,2025-06-30
R01473,2024-02-10,Growth,Partner,Europe,1-10,0,4,2,0,0,61.7,506,0,2025-06-30
R01474,2024-03-12,Scale,Partner,Europe,11-50,1,5,3,0,0,62.3,475,0,2025-06-30
R01475,2024-03-01,Growth,Outbound,APAC,11-50,0,8,2,0,0,66.4,486,0,2025-06-30
R01476,2024-05-17,Starter,Outbound,North America,51-200,0,8,7,3,0,46.2,409,0,2025-06-30
R01477,2024-03-07,Growth,Paid Search,North America,1-10,0,8,2,0,0,76.5,480,0,2025-06-30
R01478,2024-09-26,Growth,Paid Search,Europe,11-50,0,14,5,1,0,73.7,269,1,2025-06-30
R01479,2024-11-22,Growth,Organic,APAC,11-50,0,11,3,0,0,69.0,220,0,2025-06-30
R01480,2024-11-28,Growth,Organic,North America,1-10,0,13,4,2,0,72.0,214,0,2025-06-30
R01481,2024-01-02,Scale,Outbound,LATAM,11-50,0,6,5,2,0,51.8,545,0,2025-06-30
R01482,2024-05-10,Starter,Partner,North America,1-10,0,5,3,0,0,51.6,274,1,2025-06-30
R01483,2024-01-20,Starter,Organic,Europe,11-50,0,6,1,1,0,50.2,72,1,2025-06-30
R01484,2024-05-16,Starter,Organic,North America,11-50,0,3,3,0,0,54.0,91,1,2025-06-30
R01485,2024-05-05,Starter,Organic,North America,51-200,0,9,2,0,0,52.2,401,1,2025-06-30
R01486,2024-02-10,Starter,Outbound,Europe,51-200,0,6,2,2,0,57.6,42,1,2025-06-30
R01487,2024-01-21,Starter,Paid Search,Europe,51-200,0,6,1,3,0,35.9,90,1,2025-06-30
R01488,2024-12-04,Starter,Outbound,North America,51-200,0,2,3,2,1,44.2,76,1,2025-06-30
R01489,2024-08-12,Starter,Organic,APAC,1-10,0,5,0,2,0,30.4,322,0,2025-06-30
R01490,2024-04-30,Starter,Outbound,APAC,11-50,1,6,1,0,1,48.6,51,1,2025-06-30
R01491,2024-12-17,Growth,Organic,Europe,11-50,0,5,1,0,0,56.4,195,0,2025-06-30
R01492,2024-08-05,Scale,Organic,North America,1-10,1,12,6,0,0,88.6,329,0,2025-06-30
R01493,2024-03-02,Growth,Paid Search,LATAM,51-200,0,9,6,0,0,72.5,199,1,2025-06-30
R01494,2024-09-15,Starter,Paid Search,Europe,1-10,0,5,0,4,0,16.9,58,1,2025-06-30
R01495,2024-12-01,Scale,Organic,Europe,1-10,1,10,5,0,0,66.2,211,0,2025-06-30
R01496,2024-06-08,Starter,Paid Search,North America,11-50,0,6,1,1,0,39.7,67,1,2025-06-30
R01497,2024-11-08,Starter,Paid Search,LATAM,11-50,0,2,0,1,0,41.9,31,1,2025-06-30
R01498,2024-05-30,Growth,Paid Search,LATAM,51-200,0,7,4,1,0,63.8,396,0,2025-06-30
R01499,2024-03-22,Starter,Outbound,APAC,11-50,0,6,2,1,0,62.0,196,1,2025-06-30
R01500,2024-03-11,Growth,Partner,North America,11-50,0,11,3,0,0,65.7,476,0,2025-06-30
R01501,2024-01-07,Starter,Paid Search,North America,11-50,0,6,2,2,0,48.3,74,1,2025-06-30
R01502,2024-01-24,Starter,Organic,APAC,1-10,0,9,1,1,0,55.2,185,1,2025-06-30
R01503,2024-08-13,Starter,Partner,North America,11-50,1,4,3,1,0,56.0,321,0,2025-06-30
R01504,2024-05-12,Scale,Organic,Europe,1-10,0,8,8,1,0,70.5,320,1,2025-06-30
R01505,2024-09-09,Starter,Paid Search,North America,1-10,0,8,3,0,0,66.1,207,1,2025-06-30
R01506,2024-03-25,Scale,Organic,North America,11-50,0,12,5,0,0,66.0,160,1,2025-06-30
R01507,2024-05-09,Growth,Outbound,LATAM,1-10,0,10,3,0,1,51.9,417,0,2025-06-30
R01508,2024-12-09,Starter,Paid Search,North America,51-200,0,8,3,2,0,71.4,203,0,2025-06-30
R01509,2024-09-01,Scale,Organic,North America,11-50,0,11,9,1,0,79.2,302,0,2025-06-30
R01510,2024-10-05,Scale,Organic,Europe,11-50,0,9,7,0,0,48.9,268,0,2025-06-30
R01511,2024-06-12,Starter,Paid Search,North America,1-10,0,7,2,1,0,53.6,383,0,2025-06-30
R01512,2024-11-20,Growth,Paid Search,Europe,11-50,0,5,2,2,1,16.5,76,1,2025-06-30
R01513,2024-10-21,Starter,Paid Search,APAC,1-10,0,9,5,3,0,46.3,50,1,2025-06-30
R01514,2024-06-20,Growth,Paid Search,North America,1-10,0,8,1,1,0,47.7,185,1,2025-06-30
R01515,2024-08-21,Scale,Outbound,North America,51-200,1,7,2,0,0,73.3,313,0,2025-06-30
R01516,2024-03-24,Growth,Paid Search,Europe,1-10,1,14,5,2,1,53.0,463,0,2025-06-30
R01517,2024-10-26,Starter,Paid Search,Europe,1-10,0,6,1,2,0,40.8,159,1,2025-06-30
R01518,2024-03-30,Starter,Paid Search,Europe,11-50,1,5,5,3,0,39.1,303,1,2025-06-30
R01519,2024-09-21,Starter,Organic,Europe,11-50,0,6,1,2,0,52.4,163,1,2025-06-30
R01520,2024-11-02,Starter,Organic,North America,1-10,0,6,2,6,0,33.8,70,1,2025-06-30
R01521,2024-09-20,Growth,Outbound,Europe,11-50,0,13,5,3,0,76.7,77,1,2025-06-30
R01522,2024-02-02,Starter,Partner,North America,1-10,0,1,3,1,0,37.9,514,0,2025-06-30
R01523,2024-04-13,Starter,Paid Search,North America,1-10,0,3,3,1,0,59.3,443,0,2025-06-30
R01524,2024-10-19,Growth,Outbound,Europe,1-10,0,13,3,3,0,60.8,254,0,2025-06-30
R01525,2024-02-11,Growth,Paid Search,North America,11-50,0,7,4,1,0,41.7,103,1,2025-06-30
R01526,2024-02-14,Starter,Partner,North America,1-10,1,12,3,2,0,74.5,502,0,2025-06-30
R01527,2024-04-25,Growth,Outbound,APAC,1-10,0,10,4,0,0,70.8,431,0,2025-06-30
R01528,2024-01-08,Growth,Paid Search,Europe,11-50,1,9,1,1,0,51.3,360,1,2025-06-30
R01529,2024-02-21,Growth,Organic,North America,51-200,0,13,3,0,0,84.4,495,0,2025-06-30
R01530,2024-11-13,Starter,Organic,APAC,11-50,1,5,2,3,1,41.8,56,1,2025-06-30
R01531,2024-06-14,Starter,Paid Search,North America,51-200,0,2,1,0,0,42.3,45,1,2025-06-30
R01532,2024-02-19,Scale,Organic,North America,11-50,0,16,9,0,0,95.4,497,0,2025-06-30
R01533,2024-03-31,Growth,Paid Search,APAC,11-50,1,13,5,3,0,79.7,456,0,2025-06-30
R01534,2024-09-02,Growth,Partner,APAC,11-50,0,5,1,1,0,35.4,301,0,2025-06-30
R01535,2024-03-02,Growth,Paid Search,APAC,1-10,0,13,10,0,0,95.0,485,0,2025-06-30
R01536,2024-01-08,Growth,Organic,North America,11-50,0,10,5,2,0,53.2,539,0,2025-06-30
R01537,2024-02-23,Starter,Paid Search,Europe,1-10,0,12,3,4,0,55.5,84,1,2025-06-30
R01538,2024-08-21,Starter,Organic,LATAM,1-10,0,4,2,1,1,45.1,275,1,2025-06-30
R01539,2024-10-02,Starter,Partner,Europe,11-50,1,12,5,1,0,68.9,23,1,2025-06-30
R01540,2024-01-15,Scale,Paid Search,LATAM,51-200,0,10,4,2,0,64.9,345,1,2025-06-30
R01541,2024-04-11,Starter,Outbound,North America,201+,0,7,1,3,0,34.5,445,0,2025-06-30
R01542,2024-05-03,Scale,Outbound,North America,1-10,0,15,3,0,0,86.1,423,0,2025-06-30
R01543,2024-04-03,Growth,Organic,APAC,51-200,1,17,8,2,0,89.6,453,0,2025-06-30
R01544,2024-02-12,Starter,Paid Search,Europe,11-50,0,0,1,0,1,17.6,37,1,2025-06-30
R01545,2024-04-07,Starter,Organic,Europe,11-50,0,6,0,2,0,30.4,325,1,2025-06-30
R01546,2024-10-07,Starter,Organic,North America,201+,1,7,3,2,0,62.5,18,1,2025-06-30
R01547,2024-07-05,Starter,Paid Search,Europe,1-10,0,4,2,2,0,49.0,360,0,2025-06-30
R01548,2024-03-18,Growth,Paid Search,Europe,11-50,0,7,1,0,1,49.2,77,1,2025-06-30
R01549,2024-03-14,Growth,Partner,North America,201+,0,6,4,0,0,50.1,217,1,2025-06-30
R01550,2024-10-06,Starter,Partner,North America,51-200,0,5,3,1,0,48.5,267,0,2025-06-30
R01551,2024-05-07,Starter,Paid Search,Europe,11-50,0,6,1,0,0,49.9,419,0,2025-06-30
R01552,2024-08-26,Starter,Outbound,North America,51-200,0,5,3,1,0,70.4,308,0,2025-06-30
R01553,2024-06-24,Starter,Partner,Europe,11-50,1,5,4,1,0,62.0,371,0,2025-06-30
R01554,2024-10-09,Scale,Organic,North America,1-10,0,7,4,0,0,71.0,264,0,2025-06-30
R01555,2024-09-15,Starter,Organic,Europe,11-50,0,6,2,2,0,54.1,288,0,2025-06-30
R01556,2024-09-13,Starter,Organic,Europe,11-50,0,2,0,3,0,11.1,67,1,2025-06-30
R01557,2024-09-10,Starter,Organic,Europe,51-200,0,6,2,3,0,47.0,293,0,2025-06-30
R01558,2024-07-05,Starter,Partner,Europe,1-10,1,1,3,0,0,68.8,360,0,2025-06-30
R01559,2024-04-13,Starter,Partner,APAC,1-10,0,7,2,0,0,66.9,443,0,2025-06-30
R01560,2024-11-11,Starter,Outbound,North America,1-10,0,6,1,1,0,42.7,231,0,2025-06-30
R01561,2024-09-06,Growth,Outbound,Europe,1-10,0,3,3,0,0,38.6,297,0,2025-06-30
R01562,2024-10-22,Starter,Outbound,APAC,51-200,0,6,2,1,0,52.7,251,0,2025-06-30
R01563,2024-09-04,Growth,Organic,North America,11-50,0,9,4,1,0,66.3,26,1,2025-06-30
R01564,2024-03-22,Growth,Partner,North America,51-200,0,11,7,0,0,63.4,465,0,2025-06-30
R01565,2024-09-03,Starter,Paid Search,Europe,51-200,0,2,0,0,0,18.7,67,1,2025-06-30
R01566,2024-06-15,Growth,Organic,LATAM,51-200,0,11,5,0,1,77.1,145,1,2025-06-30
R01567,2024-05-06,Starter,Outbound,APAC,11-50,1,5,2,4,0,51.9,420,0,2025-06-30
R01568,2024-10-09,Starter,Organic,North America,51-200,0,7,2,2,0,29.0,264,0,2025-06-30
R01569,2024-07-09,Growth,Organic,Europe,11-50,0,8,1,0,0,59.1,356,0,2025-06-30
R01570,2024-03-17,Growth,Paid Search,North America,1-10,1,8,0,1,0,59.6,470,0,2025-06-30
R01571,2024-02-23,Starter,Outbound,APAC,51-200,0,3,3,1,1,34.4,49,1,2025-06-30
R01572,2024-10-07,Starter,Organic,APAC,11-50,0,7,4,2,1,42.3,143,1,2025-06-30
R01573,2024-10-11,Starter,Organic,LATAM,1-10,0,10,5,1,0,51.4,96,1,2025-06-30
R01574,2024-04-09,Starter,Organic,North America,51-200,0,5,1,3,0,24.3,46,1,2025-06-30
R01575,2024-03-14,Scale,Paid Search,Europe,11-50,0,8,3,2,0,57.6,473,0,2025-06-30
R01576,2024-02-17,Starter,Paid Search,LATAM,1-10,1,3,1,0,0,49.9,221,1,2025-06-30
R01577,2024-06-01,Starter,Organic,Europe,11-50,0,4,3,0,0,73.7,394,0,2025-06-30
R01578,2024-12-08,Starter,Paid Search,North America,11-50,0,3,1,1,0,41.6,153,1,2025-06-30
R01579,2024-11-20,Starter,Partner,North America,1-10,1,5,3,0,0,55.2,222,0,2025-06-30
R01580,2024-10-20,Scale,Partner,North America,1-10,0,12,7,0,0,87.5,253,0,2025-06-30
R01581,2024-04-03,Growth,Organic,LATAM,11-50,0,7,7,1,0,51.4,453,0,2025-06-30
R01582,2024-03-01,Growth,Organic,LATAM,11-50,0,17,5,0,0,85.2,486,0,2025-06-30
R01583,2024-09-14,Scale,Partner,Europe,11-50,1,9,6,0,0,74.9,26,1,2025-06-30
R01584,2024-06-14,Growth,Outbound,Europe,1-10,1,13,7,1,0,76.3,381,0,2025-06-30
R01585,2024-04-06,Starter,Partner,North America,11-50,1,10,4,1,0,90.4,450,0,2025-06-30
R01586,2024-10-28,Starter,Organic,North America,11-50,0,7,1,3,0,19.7,93,1,2025-06-30
R01587,2024-04-21,Starter,Paid Search,Europe,51-200,0,5,0,2,0,44.4,435,0,2025-06-30
R01588,2024-04-23,Scale,Organic,APAC,11-50,0,8,6,0,0,64.4,433,0,2025-06-30
R01589,2024-08-23,Growth,Organic,North America,1-10,0,11,6,1,0,78.7,300,1,2025-06-30
R01590,2024-02-28,Growth,Organic,Europe,11-50,0,10,0,0,0,53.8,21,1,2025-06-30
R01591,2024-11-03,Starter,Organic,Europe,11-50,0,5,4,3,0,24.2,239,0,2025-06-30
R01592,2024-11-17,Starter,Paid Search,Europe,11-50,0,6,4,1,0,48.7,225,0,2025-06-30
R01593,2024-06-19,Growth,Partner,APAC,11-50,0,17,8,0,0,93.3,376,0,2025-06-30
R01594,2024-10-31,Starter,Partner,North America,51-200,0,2,2,2,0,29.9,16,1,2025-06-30
R01595,2024-12-16,Growth,Organic,LATAM,11-50,1,12,2,0,0,91.4,196,0,2025-06-30
R01596,2024-12-13,Starter,Organic,Europe,11-50,0,8,1,1,0,42.6,199,0,2025-06-30
R01597,2024-11-30,Growth,Organic,North America,1-10,0,8,4,1,0,44.8,212,0,2025-06-30
R01598,2024-08-12,Starter,Paid Search,LATAM,11-50,1,6,4,1,0,63.9,322,0,2025-06-30
R01599,2024-02-19,Growth,Outbound,LATAM,201+,0,7,2,0,0,64.6,497,0,2025-06-30
R01600,2024-06-18,Scale,Organic,North America,51-200,1,18,2,1,0,88.1,268,1,2025-06-30
R01601,2024-05-09,Growth,Organic,APAC,11-50,0,6,4,0,0,74.3,404,1,2025-06-30
R01602,2024-09-26,Starter,Partner,Europe,51-200,0,5,0,2,0,41.5,277,0,2025-06-30
R01603,2024-05-19,Starter,Organic,Europe,51-200,0,8,3,3,0,31.9,407,0,2025-06-30
R01604,2024-03-26,Growth,Outbound,Europe,201+,0,9,3,1,0,53.1,169,1,2025-06-30
R01605,2024-07-13,Growth,Outbound,APAC,1-10,0,6,0,0,0,45.2,235,1,2025-06-30
R01606,2024-09-30,Growth,Outbound,Europe,11-50,0,13,3,0,0,71.2,273,0,2025-06-30
R01607,2024-02-03,Growth,Organic,APAC,1-10,0,8,1,0,0,62.4,513,0,2025-06-30
R01608,2024-06-08,Starter,Paid Search,LATAM,1-10,0,8,4,3,0,34.5,238,1,2025-06-30
R01609,2024-07-24,Growth,Paid Search,Europe,11-50,0,8,2,1,0,83.5,82,1,2025-06-30
R01610,2024-04-11,Starter,Organic,Europe,11-50,0,11,2,3,0,43.2,255,1,2025-06-30
R01611,2024-05-18,Growth,Paid Search,North America,11-50,0,4,3,0,0,42.6,408,0,2025-06-30
R01612,2024-04-05,Starter,Partner,Europe,11-50,0,3,3,3,0,25.9,75,1,2025-06-30
R01613,2024-04-11,Starter,Outbound,North America,1-10,0,7,2,0,0,59.1,146,1,2025-06-30
R01614,2024-06-04,Starter,Partner,North America,1-10,1,11,4,3,0,56.8,62,1,2025-06-30
R01615,2024-10-09,Starter,Organic,APAC,1-10,0,3,3,0,0,42.1,264,0,2025-06-30
R01616,2024-07-12,Scale,Paid Search,Europe,51-200,0,11,7,3,1,51.6,152,1,2025-06-30
R01617,2024-11-18,Starter,Partner,North America,11-50,0,6,1,2,0,33.8,19,1,2025-06-30
R01618,2024-12-02,Growth,Outbound,North America,1-10,0,6,3,1,2,38.6,174,1,2025-06-30
R01619,2024-01-27,Starter,Organic,North America,11-50,0,4,2,1,0,40.7,430,1,2025-06-30
R01620,2024-09-27,Growth,Partner,APAC,11-50,0,8,3,1,0,37.2,276,0,2025-06-30
R01621,2024-03-19,Starter,Paid Search,Europe,11-50,0,6,2,0,0,48.1,99,1,2025-06-30
R01622,2024-03-12,Starter,Organic,APAC,51-200,0,7,2,2,0,45.2,231,1,2025-06-30
R01623,2024-12-22,Growth,Partner,North America,11-50,0,6,1,1,0,22.9,140,1,2025-06-30
R01624,2024-08-01,Growth,Organic,Europe,51-200,0,14,3,0,0,70.0,135,1,2025-06-30
R01625,2024-01-27,Growth,Paid Search,North America,1-10,1,11,3,1,1,69.3,520,0,2025-06-30
R01626,2024-01-05,Scale,Organic,APAC,11-50,0,14,8,2,0,60.5,91,1,2025-06-30
R01627,2024-03-18,Scale,Paid Search,North America,11-50,0,10,2,1,1,73.2,469,0,2025-06-30
R01628,2024-01-29,Starter,Partner,APAC,1-10,1,4,1,2,0,44.6,518,0,2025-06-30
R01629,2024-04-18,Growth,Partner,APAC,1-10,1,15,3,3,0,63.7,438,0,2025-06-30
R01630,2024-10-15,Starter,Partner,LATAM,1-10,1,5,1,3,0,45.2,258,0,2025-06-30
R01631,2024-09-19,Growth,Outbound,North America,11-50,0,14,2,3,0,61.4,141,1,2025-06-30
R01632,2024-06-01,Growth,Organic,North America,1-10,0,8,3,0,0,67.4,394,0,2025-06-30
R01633,2024-12-07,Starter,Organic,North America,11-50,0,5,2,4,0,29.9,46,1,2025-06-30
R01634,2024-06-09,Growth,Outbound,APAC,11-50,0,9,5,0,0,73.3,386,0,2025-06-30
R01635,2024-10-14,Starter,Partner,APAC,11-50,0,5,2,0,0,46.4,124,1,2025-06-30
R01636,2024-01-11,Starter,Paid Search,North America,51-200,0,6,2,1,0,48.2,135,1,2025-06-30
R01637,2024-09-11,Growth,Paid Search,North America,1-10,0,11,6,1,0,83.8,95,1,2025-06-30
R01638,2024-04-25,Growth,Paid Search,Europe,201+,0,8,1,0,0,49.7,431,0,2025-06-30
R01639,2024-11-23,Scale,Paid Search,APAC,1-10,0,10,6,1,0,60.3,219,0,2025-06-30
R01640,2024-09-26,Scale,Outbound,APAC,51-200,0,9,4,1,0,59.6,277,0,2025-06-30
R01641,2024-10-01,Growth,Partner,Europe,11-50,1,11,3,0,0,88.6,272,0,2025-06-30
R01642,2024-06-09,Starter,Organic,LATAM,1-10,0,10,2,2,0,43.5,386,0,2025-06-30
R01643,2024-07-05,Starter,Outbound,APAC,11-50,0,7,0,2,0,36.8,132,1,2025-06-30
R01644,2024-12-06,Starter,Partner,North America,11-50,0,4,5,1,0,39.0,206,0,2025-06-30
R01645,2024-08-18,Starter,Organic,North America,11-50,0,3,0,4,0,6.2,62,1,2025-06-30
R01646,2024-03-05,Growth,Organic,LATAM,11-50,0,14,2,0,0,56.8,482,0,2025-06-30
R01647,2024-11-09,Scale,Organic,Europe,11-50,1,9,3,0,0,57.5,233,0,2025-06-30
R01648,2024-11-09,Scale,Organic,Europe,51-200,0,11,8,0,0,86.4,154,1,2025-06-30
R01649,2024-07-03,Growth,Paid Search,North America,11-50,0,11,1,0,0,51.1,362,0,2025-06-30
R01650,2024-02-19,Growth,Organic,LATAM,1-10,1,13,2,1,0,78.6,147,1,2025-06-30
R01651,2024-07-14,Growth,Paid Search,North America,11-50,1,15,2,1,1,66.1,351,0,2025-06-30
R01652,2024-06-03,Starter,Partner,Europe,11-50,0,6,1,2,0,45.8,392,0,2025-06-30
R01653,2024-02-12,Starter,Paid Search,North America,11-50,0,6,3,1,0,57.1,249,1,2025-06-30
R01654,2024-02-29,Starter,Outbound,North America,1-10,0,5,1,2,0,51.0,70,1,2025-06-30
R01655,2024-01-17,Starter,Organic,Europe,1-10,0,6,3,1,0,72.1,315,1,2025-06-30
R01656,2024-08-22,Growth,Partner,North America,51-200,0,10,4,0,0,50.8,312,0,2025-06-30
R01657,2024-03-26,Starter,Organic,North America,11-50,0,5,0,1,0,25.5,57,1,2025-06-30
R01658,2024-12-18,Scale,Organic,North America,1-10,0,12,7,2,0,61.2,194,0,2025-06-30
R01659,2024-01-04,Starter,Organic,North America,51-200,0,4,2,3,0,31.5,327,1,2025-06-30
R01660,2024-07-12,Starter,Partner,Europe,1-10,0,4,2,2,0,49.6,212,1,2025-06-30
R01661,2024-02-24,Starter,Organic,LATAM,1-10,0,5,3,2,0,38.3,66,1,2025-06-30
R01662,2024-10-14,Scale,Partner,North America,11-50,0,5,6,0,0,74.2,22,1,2025-06-30
R01663,2024-11-11,Starter,Paid Search,APAC,1-10,0,4,3,3,0,33.8,231,0,2025-06-30
R01664,2024-05-28,Growth,Paid Search,LATAM,1-10,0,9,2,3,0,52.7,144,1,2025-06-30
R01665,2024-07-07,Starter,Outbound,Europe,201+,0,6,2,1,0,61.5,358,0,2025-06-30
R01666,2024-04-27,Growth,Partner,APAC,51-200,1,12,5,1,0,83.3,429,0,2025-06-30
R01667,2024-12-27,Starter,Partner,North America,201+,1,6,2,0,0,58.5,185,0,2025-06-30
R01668,2024-09-26,Growth,Organic,North America,11-50,0,15,4,5,0,53.2,277,0,2025-06-30
R01669,2024-03-11,Growth,Paid Search,APAC,11-50,0,9,3,0,0,63.8,262,1,2025-06-30
R01670,2024-11-07,Growth,Organic,LATAM,1-10,0,10,5,0,0,59.5,235,0,2025-06-30
R01671,2024-05-14,Starter,Partner,Europe,201+,1,7,5,1,0,58.1,412,0,2025-06-30
R01672,2024-12-30,Growth,Organic,Europe,1-10,0,11,6,1,0,86.0,182,0,2025-06-30
R01673,2024-05-20,Starter,Organic,North America,11-50,0,6,0,3,1,32.0,67,1,2025-06-30
R01674,2024-03-04,Scale,Partner,Europe,201+,0,7,4,1,0,69.4,483,0,2025-06-30
R01675,2024-04-12,Growth,Paid Search,APAC,201+,0,13,3,1,0,75.8,24,1,2025-06-30
R01676,2024-02-29,Starter,Partner,North America,1-10,0,8,4,3,0,55.9,357,1,2025-06-30
R01677,2024-06-12,Starter,Paid Search,LATAM,11-50,0,3,1,1,0,35.5,31,1,2025-06-30
R01678,2024-07-16,Starter,Outbound,Europe,51-200,0,8,4,4,0,54.2,63,1,2025-06-30
R01679,2024-09-21,Growth,Organic,Europe,11-50,0,8,4,1,0,42.0,282,0,2025-06-30
R01680,2024-08-01,Starter,Paid Search,Europe,201+,1,12,3,0,0,73.7,333,0,2025-06-30
R01681,2024-10-01,Starter,Organic,APAC,11-50,1,6,0,0,0,58.9,272,0,2025-06-30
R01682,2024-10-02,Scale,Outbound,North America,1-10,0,9,6,0,0,82.3,271,0,2025-06-30
R01683,2024-01-22,Starter,Outbound,LATAM,51-200,1,8,3,2,0,65.8,72,1,2025-06-30
R01684,2024-10-08,Scale,Outbound,North America,51-200,0,17,5,1,0,71.9,265,0,2025-06-30
R01685,2024-11-22,Growth,Paid Search,LATAM,51-200,0,5,0,0,0,45.7,82,1,2025-06-30
R01686,2024-01-12,Growth,Organic,LATAM,1-10,0,10,8,2,0,70.2,535,0,2025-06-30
R01687,2024-11-09,Starter,Organic,APAC,11-50,1,11,2,1,0,62.3,233,0,2025-06-30
R01688,2024-07-13,Growth,Organic,LATAM,51-200,0,7,2,0,1,52.0,352,0,2025-06-30
R01689,2024-09-22,Starter,Partner,North America,1-10,1,9,3,3,0,56.7,281,0,2025-06-30
R01690,2024-01-20,Growth,Paid Search,North America,51-200,0,6,1,0,0,54.8,109,1,2025-06-30
R01691,2024-12-07,Growth,Organic,Europe,11-50,0,10,3,0,0,66.3,205,0,2025-06-30
R01692,2024-11-17,Scale,Organic,North America,51-200,0,6,7,1,0,67.2,225,0,2025-06-30
R01693,2024-05-03,Scale,Organic,Europe,201+,0,7,4,1,0,51.0,148,1,2025-06-30
R01694,2024-09-10,Starter,Paid Search,Europe,11-50,0,2,1,2,1,15.0,13,1,2025-06-30
R01695,2024-08-08,Growth,Organic,APAC,11-50,0,11,4,0,1,65.6,42,1,2025-06-30
R01696,2024-06-29,Starter,Paid Search,North America,11-50,0,5,3,2,2,33.2,119,1,2025-06-30
R01697,2024-03-23,Growth,Outbound,North America,1-10,0,9,2,0,0,37.2,464,0,2025-06-30
R01698,2024-09-11,Starter,Outbound,North America,201+,1,7,5,0,0,71.7,292,0,2025-06-30
R01699,2024-03-31,Growth,Partner,North America,11-50,0,5,0,0,0,48.6,28,1,2025-06-30
R01700,2024-01-31,Growth,Organic,Europe,11-50,0,14,2,1,0,83.9,282,1,2025-06-30
R01701,2024-12-02,Starter,Outbound,LATAM,51-200,1,3,2,1,0,35.2,210,0,2025-06-30
R01702,2024-12-02,Growth,Partner,North America,1-10,0,6,0,0,0,49.2,210,0,2025-06-30
R01703,2024-06-20,Growth,Organic,North America,1-10,0,6,5,1,1,37.2,348,1,2025-06-30
R01704,2024-11-08,Starter,Outbound,North America,51-200,1,4,2,2,0,34.6,234,0,2025-06-30
R01705,2024-07-20,Growth,Outbound,North America,11-50,0,8,6,1,0,75.2,17,1,2025-06-30
R01706,2024-11-30,Growth,Partner,Europe,201+,0,11,5,0,0,76.9,212,0,2025-06-30
R01707,2024-03-06,Starter,Organic,Europe,1-10,0,8,1,0,0,56.5,273,1,2025-06-30
R01708,2024-05-22,Starter,Partner,North America,11-50,1,6,2,5,0,37.8,38,1,2025-06-30
R01709,2024-07-19,Starter,Partner,North America,1-10,0,5,7,2,0,41.6,85,1,2025-06-30
R01710,2024-02-22,Scale,Organic,Europe,11-50,0,15,4,0,0,91.3,51,1,2025-06-30
R01711,2024-08-16,Growth,Partner,Europe,51-200,0,4,3,0,0,49.0,315,1,2025-06-30
R01712,2024-03-11,Growth,Outbound,Europe,51-200,0,12,2,1,0,74.6,476,0,2025-06-30
R01713,2024-01-04,Starter,Paid Search,North America,11-50,0,3,3,3,1,28.6,31,1,2025-06-30
R01714,2024-10-13,Growth,Paid Search,North America,1-10,0,10,4,0,1,64.0,168,1,2025-06-30
R01715,2024-08-06,Growth,Outbound,North America,1-10,0,4,1,0,0,34.7,12,1,2025-06-30
R01716,2024-12-20,Growth,Organic,Europe,1-10,0,7,6,1,0,55.7,192,0,2025-06-30
R01717,2024-08-11,Starter,Outbound,Europe,51-200,0,3,0,2,1,41.7,148,1,2025-06-30
R01718,2024-01-24,Starter,Outbound,North America,11-50,0,5,2,2,0,40.6,434,1,2025-06-30
R01719,2024-05-30,Growth,Organic,North America,1-10,0,6,1,0,0,38.3,317,1,2025-06-30
R01720,2024-02-11,Starter,Outbound,Europe,11-50,0,3,4,0,1,45.5,440,1,2025-06-30
R01721,2024-05-04,Starter,Organic,Europe,11-50,0,12,2,1,0,51.8,415,1,2025-06-30
R01722,2024-07-10,Growth,Outbound,APAC,1-10,0,14,4,1,0,77.4,355,0,2025-06-30
R01723,2024-03-05,Starter,Organic,North America,51-200,0,6,1,3,1,32.1,19,1,2025-06-30
R01724,2024-01-02,Growth,Partner,APAC,51-200,0,5,1,1,0,36.1,545,0,2025-06-30
R01725,2024-10-07,Growth,Partner,North America,11-50,1,10,3,2,0,57.0,266,0,2025-06-30
R01726,2024-06-27,Starter,Organic,Europe,51-200,0,6,3,1,1,54.4,106,1,2025-06-30
R01727,2024-02-28,Starter,Organic,LATAM,11-50,1,4,4,0,0,52.5,488,0,2025-06-30
R01728,2024-01-21,Growth,Paid Search,Europe,1-10,0,8,5,1,0,50.9,175,1,2025-06-30
R01729,2024-06-14,Scale,Paid Search,North America,11-50,0,11,4,0,0,58.2,381,0,2025-06-30
R01730,2024-01-23,Starter,Paid Search,Europe,11-50,0,7,1,3,0,43.7,210,1,2025-06-30
R01731,2024-11-05,Scale,Organic,APAC,1-10,1,11,7,0,1,73.9,237,0,2025-06-30
R01732,2024-08-09,Starter,Organic,North America,51-200,0,4,3,1,0,38.8,325,0,2025-06-30
R01733,2024-11-13,Starter,Partner,North America,1-10,0,8,3,4,0,23.8,24,1,2025-06-30
R01734,2024-09-29,Starter,Organic,LATAM,51-200,1,5,2,1,0,48.3,123,1,2025-06-30
R01735,2024-06-29,Scale,Paid Search,North America,1-10,1,15,7,2,0,75.9,366,0,2025-06-30
R01736,2024-06-07,Starter,Paid Search,APAC,51-200,1,8,6,1,0,87.6,388,0,2025-06-30
R01737,2024-05-01,Growth,Organic,North America,1-10,0,6,2,0,0,56.0,425,0,2025-06-30
R01738,2024-08-09,Starter,Partner,APAC,11-50,0,1,2,2,0,38.6,35,1,2025-06-30
R01739,2024-12-19,Starter,Outbound,Europe,1-10,0,6,2,3,0,34.7,193,0,2025-06-30
R01740,2024-05-14,Starter,Partner,North America,1-10,1,12,2,2,0,59.8,412,0,2025-06-30
R01741,2024-11-08,Growth,Organic,APAC,11-50,1,13,6,0,0,90.4,234,0,2025-06-30
R01742,2024-12-15,Growth,Organic,North America,1-10,0,7,6,1,0,65.2,118,1,2025-06-30
R01743,2024-04-06,Growth,Partner,Europe,11-50,0,6,1,1,0,46.3,450,0,2025-06-30
R01744,2024-11-05,Scale,Organic,North America,11-50,0,8,1,0,0,60.9,237,0,2025-06-30
R01745,2024-02-09,Starter,Partner,Europe,11-50,1,7,1,3,0,39.6,306,1,2025-06-30
R01746,2024-11-12,Scale,Paid Search,North America,1-10,0,14,5,1,0,81.1,24,1,2025-06-30
R01747,2024-09-08,Growth,Organic,APAC,1-10,1,10,2,0,0,66.2,295,0,2025-06-30
R01748,2024-03-14,Growth,Outbound,Europe,11-50,0,8,1,0,1,38.0,473,0,2025-06-30
R01749,2024-08-02,Growth,Organic,North America,1-10,0,9,4,2,0,52.6,332,0,2025-06-30
R01750,2024-02-05,Scale,Organic,APAC,11-50,0,11,10,0,0,59.9,511,0,2025-06-30
R01751,2024-12-01,Starter,Paid Search,Europe,11-50,0,3,2,1,0,40.3,102,1,2025-06-30
R01752,2024-05-11,Starter,Organic,LATAM,11-50,0,9,1,0,0,53.0,415,0,2025-06-30
R01753,2024-12-06,Growth,Paid Search,North America,1-10,0,4,2,1,0,59.1,201,1,2025-06-30
R01754,2024-07-08,Starter,Paid Search,North America,11-50,0,6,2,2,0,50.9,52,1,2025-06-30
R01755,2024-02-13,Starter,Organic,Europe,1-10,0,4,1,3,0,32.4,17,1,2025-06-30
R01756,2024-04-13,Growth,Paid Search,Europe,11-50,0,7,7,0,0,71.0,41,1,2025-06-30
R01757,2024-02-14,Growth,Paid Search,North America,51-200,0,8,4,1,0,58.7,502,0,2025-06-30
R01758,2024-06-20,Starter,Paid Search,LATAM,201+,0,3,2,4,0,15.4,127,1,2025-06-30
R01759,2024-11-20,Scale,Paid Search,Europe,1-10,1,13,8,0,0,100.0,222,0,2025-06-30
R01760,2024-10-06,Starter,Paid Search,LATAM,51-200,0,3,1,0,0,33.3,152,1,2025-06-30
R01761,2024-09-16,Growth,Paid Search,Europe,11-50,1,9,3,1,1,65.6,287,0,2025-06-30
R01762,2024-04-06,Growth,Paid Search,North America,1-10,0,6,3,1,1,61.9,450,0,2025-06-30
R01763,2024-03-15,Starter,Paid Search,North America,1-10,0,5,0,2,0,26.1,175,1,2025-06-30
R01764,2024-12-22,Growth,Paid Search,North America,51-200,0,10,5,0,0,65.3,190,0,2025-06-30
R01765,2024-01-12,Growth,Organic,Europe,201+,0,7,5,1,0,57.4,535,0,2025-06-30
R01766,2024-01-16,Starter,Paid Search,APAC,1-10,0,8,1,3,0,16.4,42,1,2025-06-30
R01767,2024-02-09,Starter,Partner,LATAM,51-200,0,2,0,1,0,38.1,57,1,2025-06-30
R01768,2024-03-19,Growth,Organic,Europe,1-10,0,4,1,3,0,18.6,94,1,2025-06-30
R01769,2024-08-06,Starter,Paid Search,North America,51-200,0,3,6,1,0,42.7,33,1,2025-06-30
R01770,2024-03-22,Starter,Partner,Europe,11-50,0,7,4,1,0,52.6,71,1,2025-06-30
R01771,2024-11-03,Growth,Paid Search,Europe,1-10,1,10,3,0,0,63.3,239,0,2025-06-30
R01772,2024-04-10,Scale,Organic,Europe,11-50,0,9,7,1,0,70.3,446,0,2025-06-30
R01773,2024-08-11,Growth,Paid Search,Europe,51-200,0,5,7,0,0,52.8,150,1,2025-06-30
R01774,2024-08-18,Scale,Outbound,North America,1-10,0,9,1,1,0,50.7,234,1,2025-06-30
R01775,2024-11-18,Growth,Organic,Europe,1-10,0,11,1,1,1,47.9,224,0,2025-06-30
R01776,2024-05-02,Growth,Organic,Europe,51-200,0,9,1,0,1,41.5,233,1,2025-06-30
R01777,2024-06-20,Starter,Paid Search,LATAM,11-50,0,4,1,1,1,33.1,322,1,2025-06-30
R01778,2024-12-06,Scale,Paid Search,North America,11-50,0,8,5,0,0,53.1,206,0,2025-06-30
R01779,2024-09-25,Starter,Organic,North America,1-10,0,6,5,1,0,51.2,5,1,2025-06-30
R01780,2024-02-28,Starter,Outbound,Europe,11-50,1,5,0,0,2,32.0,37,1,2025-06-30
R01781,2024-08-26,Scale,Outbound,LATAM,1-10,0,10,3,0,0,56.7,308,0,2025-06-30
R01782,2024-08-10,Growth,Partner,North America,1-10,0,3,1,0,0,34.6,324,0,2025-06-30
R01783,2024-11-07,Scale,Organic,North America,51-200,0,11,8,0,0,74.0,235,0,2025-06-30
R01784,2024-01-31,Growth,Partner,Europe,201+,0,8,4,2,0,57.4,516,0,2025-06-30
R01785,2024-03-24,Starter,Partner,Europe,11-50,0,4,2,1,0,51.4,463,0,2025-06-30
R01786,2024-03-09,Starter,Paid Search,North America,51-200,0,7,2,3,0,45.0,85,1,2025-06-30
R01787,2024-08-04,Starter,Paid Search,North America,11-50,0,2,1,2,1,23.6,38,1,2025-06-30
R01788,2024-02-10,Starter,Partner,Europe,11-50,1,9,4,3,0,69.0,506,0,2025-06-30
R01789,2024-09-18,Starter,Paid Search,APAC,11-50,0,4,1,1,0,49.7,285,0,2025-06-30
R01790,2024-03-10,Scale,Paid Search,Europe,1-10,1,14,7,2,0,78.5,477,0,2025-06-30
R01791,2024-12-25,Growth,Paid Search,North America,1-10,0,9,0,0,0,64.9,187,0,2025-06-30
R01792,2024-01-31,Growth,Organic,North America,1-10,0,10,5,0,0,68.0,516,0,2025-06-30
R01793,2024-09-27,Growth,Outbound,Europe,1-10,0,7,2,0,0,63.4,18,1,2025-06-30
R01794,2024-04-04,Starter,Outbound,APAC,201+,0,5,2,1,0,40.3,60,1,2025-06-30
R01795,2024-05-08,Growth,Paid Search,APAC,1-10,0,8,3,1,0,52.8,64,1,2025-06-30
R01796,2024-09-15,Starter,Paid Search,Europe,11-50,0,7,1,2,0,31.5,149,1,2025-06-30
R01797,2024-05-12,Growth,Organic,North America,11-50,0,4,1,0,2,23.3,75,1,2025-06-30
R01798,2024-12-25,Scale,Paid Search,North America,51-200,0,6,2,0,0,47.2,187,0,2025-06-30
R01799,2024-12-13,Starter,Organic,North America,1-10,1,10,4,1,1,47.2,199,0,2025-06-30
R01800,2024-05-15,Scale,Paid Search,LATAM,51-200,1,11,3,2,0,68.2,257,1,2025-06-30
R01801,2024-02-25,Starter,Organic,North America,11-50,0,4,0,2,0,42.2,115,1,2025-06-30
R01802,2024-12-11,Growth,Organic,LATAM,201+,0,11,3,0,0,79.6,201,0,2025-06-30
R01803,2024-08-03,Starter,Organic,Europe,201+,0,3,2,2,0,22.1,77,1,2025-06-30
R01804,2024-08-08,Growth,Paid Search,Europe,51-200,1,13,5,1,0,69.0,326,0,2025-06-30
R01805,2024-06-21,Growth,Organic,North America,201+,0,5,1,1,0,61.2,285,1,2025-06-30
R01806,2024-04-17,Growth,Organic,APAC,11-50,0,9,3,1,0,58.3,439,0,2025-06-30
R01807,2024-11-10,Growth,Paid Search,Europe,1-10,1,8,3,1,0,49.0,44,1,2025-06-30
R01808,2024-09-21,Growth,Outbound,North America,1-10,0,8,5,1,0,63.1,282,0,2025-06-30
R01809,2024-10-12,Starter,Organic,North America,11-50,0,7,4,0,0,73.2,261,0,2025-06-30
R01810,2024-05-28,Scale,Partner,LATAM,11-50,0,16,5,1,0,95.6,398,0,2025-06-30
R01811,2024-10-03,Growth,Paid Search,North America,1-10,0,5,7,1,0,53.4,270,0,2025-06-30
R01812,2024-04-16,Growth,Partner,North America,1-10,1,13,5,2,0,77.5,440,0,2025-06-30
R01813,2024-06-17,Starter,Paid Search,North America,1-10,1,7,2,1,1,49.0,55,1,2025-06-30
R01814,2024-05-05,Starter,Outbound,APAC,1-10,0,4,2,1,0,43.3,130,1,2025-06-30
R01815,2024-09-16,Scale,Outbound,APAC,11-50,0,4,5,1,0,44.8,287,0,2025-06-30
R01816,2024-07-01,Starter,Organic,APAC,1-10,0,3,2,0,0,44.8,160,1,2025-06-30
R01817,2024-12-25,Starter,Organic,North America,51-200,0,2,3,3,0,27.3,176,1,2025-06-30
R01818,2024-09-24,Starter,Paid Search,North America,51-200,0,8,4,3,0,56.5,115,1,2025-06-30
R01819,2024-01-30,Starter,Organic,North America,1-10,0,4,0,1,0,44.0,26,1,2025-06-30
R01820,2024-10-12,Growth,Paid Search,LATAM,11-50,0,7,2,1,0,53.9,261,0,2025-06-30
R01821,2024-03-09,Starter,Partner,North America,11-50,0,5,2,6,0,20.4,117,1,2025-06-30
R01822,2024-08-03,Scale,Paid Search,Europe,1-10,1,17,3,0,0,69.7,331,0,2025-06-30
R01823,2024-01-11,Growth,Organic,Europe,201+,1,13,0,0,0,59.1,152,1,2025-06-30
R01824,2024-05-16,Scale,Outbound,Europe,1-10,1,10,4,2,1,66.8,410,0,2025-06-30
R01825,2024-08-13,Starter,Partner,North America,11-50,0,5,1,2,2,36.4,31,1,2025-06-30
R01826,2024-05-18,Starter,Paid Search,North America,201+,1,7,3,0,1,61.6,408,0,2025-06-30
R01827,2024-03-25,Scale,Organic,North America,201+,1,11,4,0,0,51.6,268,1,2025-06-30
R01828,2024-01-19,Growth,Organic,North America,11-50,0,11,4,0,0,53.1,528,0,2025-06-30
R01829,2024-02-16,Growth,Paid Search,Europe,11-50,0,11,1,1,0,59.1,34,1,2025-06-30
R01830,2024-07-31,Growth,Organic,LATAM,11-50,1,7,3,2,0,47.8,334,0,2025-06-30
R01831,2024-05-04,Starter,Outbound,APAC,11-50,0,4,3,1,0,50.8,152,1,2025-06-30
R01832,2024-04-17,Starter,Paid Search,LATAM,1-10,0,4,1,2,0,35.7,47,1,2025-06-30
R01833,2024-06-21,Growth,Paid Search,North America,11-50,0,7,4,3,1,32.9,44,1,2025-06-30
R01834,2024-08-03,Starter,Paid Search,North America,51-200,1,7,4,1,0,61.8,331,0,2025-06-30
R01835,2024-07-06,Starter,Outbound,North America,11-50,0,4,5,1,0,47.5,52,1,2025-06-30
R01836,2024-10-23,Growth,Outbound,North America,1-10,0,9,4,0,0,73.2,250,0,2025-06-30
R01837,2024-12-02,Starter,Paid Search,Europe,201+,1,7,4,1,1,63.8,22,1,2025-06-30
R01838,2024-09-15,Growth,Paid Search,North America,1-10,0,12,3,1,1,58.7,280,1,2025-06-30
R01839,2024-10-13,Starter,Paid Search,Europe,51-200,0,6,4,2,0,54.7,19,1,2025-06-30
R01840,2024-04-14,Starter,Paid Search,North America,51-200,0,3,1,1,0,52.5,14,1,2025-06-30
R01841,2024-07-23,Scale,Partner,APAC,11-50,0,8,3,0,0,69.9,342,0,2025-06-30
R01842,2024-05-22,Growth,Paid Search,LATAM,1-10,0,13,2,1,0,53.2,64,1,2025-06-30
R01843,2024-04-04,Starter,Outbound,Europe,11-50,0,5,0,1,0,42.7,402,1,2025-06-30
R01844,2024-12-27,Scale,Outbound,North America,1-10,1,13,10,0,0,100.0,185,0,2025-06-30
R01845,2024-01-12,Starter,Paid Search,North America,1-10,0,9,6,4,0,34.7,46,1,2025-06-30
R01846,2024-01-02,Starter,Paid Search,Europe,11-50,0,5,3,0,0,34.2,93,1,2025-06-30
R01847,2024-01-02,Growth,Outbound,Europe,11-50,0,6,5,1,0,46.6,326,1,2025-06-30
R01848,2024-07-12,Scale,Organic,APAC,1-10,0,6,4,0,0,64.2,353,0,2025-06-30
R01849,2024-02-24,Growth,Paid Search,LATAM,11-50,0,7,3,2,0,48.3,38,1,2025-06-30
R01850,2024-05-19,Growth,Paid Search,Europe,201+,0,4,1,0,0,53.4,268,1,2025-06-30
R01851,2024-01-04,Starter,Paid Search,Europe,11-50,0,6,4,1,0,55.8,99,1,2025-06-30
R01852,2024-10-29,Growth,Paid Search,North America,1-10,0,5,5,0,1,46.9,165,1,2025-06-30
R01853,2024-05-09,Growth,Organic,Europe,51-200,0,11,4,0,0,76.6,12,1,2025-06-30
R01854,2024-12-28,Growth,Paid Search,Europe,51-200,0,7,6,0,0,65.6,184,0,2025-06-30
R01855,2024-01-05,Starter,Partner,North America,1-10,1,8,2,0,0,69.1,542,0,2025-06-30
R01856,2024-07-29,Scale,Organic,Europe,11-50,0,8,1,3,0,48.0,135,1,2025-06-30
R01857,2024-03-01,Starter,Outbound,Europe,11-50,0,6,2,1,0,48.4,486,0,2025-06-30
R01858,2024-04-01,Starter,Organic,North America,11-50,1,8,6,2,0,68.9,61,1,2025-06-30
R01859,2024-12-01,Starter,Paid Search,APAC,1-10,0,6,2,2,0,50.7,211,0,2025-06-30
R01860,2024-07-02,Growth,Outbound,LATAM,11-50,0,13,9,1,0,99.2,363,0,2025-06-30
R01861,2024-04-03,Starter,Paid Search,North America,11-50,0,5,1,1,1,27.7,79,1,2025-06-30
R01862,2024-10-13,Growth,Organic,North America,51-200,0,6,1,0,0,42.0,135,1,2025-06-30
R01863,2024-09-17,Growth,Organic,Europe,1-10,0,9,4,1,0,48.8,41,1,2025-06-30
R01864,2024-04-19,Growth,Paid Search,North America,1-10,0,16,5,0,0,94.6,437,0,2025-06-30
R01865,2024-05-05,Starter,Outbound,North America,11-50,0,5,4,1,0,53.7,222,1,2025-06-30
R01866,2024-04-24,Starter,Paid Search,Europe,1-10,0,5,3,0,0,59.5,65,1,2025-06-30
R01867,2024-12-25,Starter,Outbound,Europe,1-10,0,5,0,2,0,20.9,72,1,2025-06-30
R01868,2024-03-24,Growth,Outbound,LATAM,1-10,0,11,3,0,0,72.2,147,1,2025-06-30
R01869,2024-11-15,Growth,Paid Search,North America,201+,0,14,4,0,0,83.2,28,1,2025-06-30
R01870,2024-06-30,Starter,Partner,LATAM,11-50,1,13,5,1,0,86.1,365,0,2025-06-30
R01871,2024-01-11,Starter,Organic,Europe,201+,0,4,2,2,0,32.6,536,0,2025-06-30
R01872,2024-12-10,Scale,Organic,Europe,11-50,0,4,3,1,0,47.6,119,1,2025-06-30
R01873,2024-08-27,Starter,Outbound,North America,1-10,1,4,0,1,0,36.7,174,1,2025-06-30
R01874,2024-10-18,Starter,Paid Search,North America,1-10,0,5,3,1,0,31.7,138,1,2025-06-30
R01875,2024-10-02,Growth,Paid Search,North America,1-10,1,16,7,0,0,100.0,271,0,2025-06-30
R01876,2024-07-09,Scale,Paid Search,Europe,11-50,0,10,5,1,0,79.1,356,0,2025-06-30
R01877,2024-11-07,Starter,Organic,North America,51-200,0,9,2,4,0,49.1,108,1,2025-06-30
R01878,2024-04-21,Starter,Organic,North America,1-10,1,12,5,3,0,62.6,435,0,2025-06-30
R01879,2024-04-22,Starter,Paid Search,LATAM,201+,0,2,2,6,1,0.0,88,1,2025-06-30
R01880,2024-01-03,Starter,Paid Search,North America,201+,0,4,0,0,0,36.0,143,1,2025-06-30
R01881,2024-02-27,Starter,Organic,North America,201+,0,3,2,1,0,53.8,200,1,2025-06-30
R01882,2024-07-25,Scale,Organic,APAC,51-200,0,8,8,0,0,72.7,340,0,2025-06-30
R01883,2024-11-29,Scale,Partner,Europe,201+,1,9,4,0,0,83.1,213,0,2025-06-30
R01884,2024-11-17,Growth,Organic,APAC,51-200,0,7,3,1,1,23.7,225,0,2025-06-30
R01885,2024-09-14,Scale,Organic,Europe,1-10,0,13,5,0,0,78.0,289,0,2025-06-30
R01886,2024-06-14,Starter,Paid Search,North America,11-50,1,3,4,2,0,44.8,107,1,2025-06-30
R01887,2024-09-06,Scale,Organic,Europe,11-50,0,16,5,0,0,84.3,12,1,2025-06-30
R01888,2024-01-11,Starter,Outbound,Europe,11-50,1,7,4,0,0,85.3,536,0,2025-06-30
R01889,2024-03-06,Growth,Outbound,APAC,1-10,0,13,3,0,0,81.8,481,0,2025-06-30
R01890,2024-01-04,Starter,Partner,Europe,1-10,0,7,2,1,0,43.9,158,1,2025-06-30
R01891,2024-07-09,Starter,Partner,North America,201+,0,3,4,1,0,50.8,356,0,2025-06-30
R01892,2024-07-28,Scale,Paid Search,North America,1-10,0,9,8,0,0,80.8,337,0,2025-06-30
R01893,2024-11-08,Growth,Partner,North America,1-10,0,14,8,0,0,90.9,4,1,2025-06-30
R01894,2024-07-28,Scale,Paid Search,Europe,201+,0,13,5,0,0,67.9,337,0,2025-06-30
R01895,2024-06-08,Growth,Organic,Europe,11-50,0,7,3,2,0,41.7,72,1,2025-06-30
R01896,2024-08-08,Starter,Partner,Europe,1-10,0,7,4,4,0,48.0,106,1,2025-06-30
R01897,2024-01-24,Starter,Partner,Europe,1-10,0,5,0,2,0,25.1,65,1,2025-06-30
R01898,2024-09-16,Growth,Partner,North America,1-10,0,9,3,0,0,68.5,287,0,2025-06-30
R01899,2024-11-10,Starter,Paid Search,APAC,1-10,1,12,3,0,1,68.0,232,0,2025-06-30
R01900,2024-10-16,Scale,Paid Search,Europe,1-10,0,9,5,0,0,73.1,257,0,2025-06-30
R01901,2024-04-27,Starter,Paid Search,North America,51-200,0,9,3,0,0,60.0,429,0,2025-06-30
R01902,2024-04-27,Starter,Outbound,Europe,1-10,0,4,4,0,0,58.5,10,1,2025-06-30
R01903,2024-04-08,Starter,Outbound,North America,11-50,1,12,3,0,0,69.6,448,0,2025-06-30
R01904,2024-05-24,Starter,Organic,Europe,1-10,0,9,4,6,0,29.3,47,1,2025-06-30
R01905,2024-01-16,Starter,Organic,Europe,11-50,0,7,3,1,0,56.5,371,1,2025-06-30
R01906,2024-08-05,Scale,Outbound,North America,11-50,1,16,4,0,0,94.3,329,0,2025-06-30
R01907,2024-12-10,Growth,Outbound,Europe,11-50,0,11,4,1,0,71.1,202,0,2025-06-30
R01908,2024-03-26,Growth,Paid Search,North America,11-50,0,8,5,0,0,45.6,119,1,2025-06-30
R01909,2024-06-09,Starter,Paid Search,North America,51-200,0,4,3,1,0,21.9,71,1,2025-06-30
R01910,2024-02-22,Starter,Partner,LATAM,11-50,0,5,3,1,0,49.5,251,1,2025-06-30
R01911,2024-03-31,Growth,Organic,North America,201+,0,9,4,1,0,51.3,25,1,2025-06-30
R01912,2024-08-17,Starter,Organic,North America,11-50,0,3,3,0,0,45.7,140,1,2025-06-30
R01913,2024-08-14,Growth,Organic,North America,11-50,0,10,1,2,0,61.4,320,0,2025-06-30
R01914,2024-01-13,Starter,Partner,APAC,11-50,0,9,2,3,0,42.1,534,0,2025-06-30
R01915,2024-12-15,Starter,Partner,Europe,11-50,0,3,3,0,0,34.8,197,0,2025-06-30
R01916,2024-05-01,Starter,Organic,Europe,11-50,0,6,2,0,0,57.3,425,0,2025-06-30
R01917,2024-07-10,Starter,Paid Search,Europe,201+,0,12,1,0,0,38.4,355,0,2025-06-30
R01918,2024-09-02,Starter,Organic,LATAM,1-10,0,4,1,6,0,16.3,107,1,2025-06-30
R01919,2024-06-04,Growth,Organic,LATAM,11-50,1,10,3,1,0,66.6,391,0,2025-06-30
R01920,2024-06-21,Growth,Outbound,North America,1-10,1,8,4,3,0,63.0,374,0,2025-06-30
R01921,2024-07-12,Scale,Organic,North America,1-10,0,11,8,0,0,79.4,353,0,2025-06-30
R01922,2024-11-14,Starter,Organic,North America,11-50,0,6,1,0,0,37.3,64,1,2025-06-30
R01923,2024-04-15,Starter,Paid Search,Europe,1-10,0,6,3,2,0,48.0,185,1,2025-06-30
R01924,2024-09-28,Starter,Outbound,North America,1-10,0,4,2,0,0,49.8,73,1,2025-06-30
R01925,2024-01-17,Growth,Paid Search,North America,11-50,0,9,3,0,0,86.7,530,0,2025-06-30
R01926,2024-08-01,Starter,Partner,North America,11-50,1,12,6,1,1,66.0,333,0,2025-06-30
R01927,2024-06-23,Starter,Paid Search,North America,201+,0,2,0,2,0,28.7,372,0,2025-06-30
R01928,2024-07-27,Starter,Partner,North America,1-10,1,4,3,4,0,46.3,338,0,2025-06-30
R01929,2024-12-15,Starter,Outbound,Europe,11-50,0,4,1,2,0,34.2,43,1,2025-06-30
R01930,2024-03-18,Starter,Outbound,Europe,51-200,0,4,3,0,0,59.8,469,0,2025-06-30
R01931,2024-12-02,Starter,Paid Search,APAC,11-50,0,3,2,1,0,33.6,210,0,2025-06-30
R01932,2024-05-19,Starter,Paid Search,North America,51-200,0,3,1,1,1,24.9,59,1,2025-06-30
R01933,2024-03-17,Starter,Partner,Europe,11-50,1,6,1,1,0,62.6,134,1,2025-06-30
R01934,2024-07-05,Growth,Paid Search,Europe,1-10,0,5,4,0,1,47.7,360,0,2025-06-30
R01935,2024-05-25,Growth,Partner,North America,1-10,0,9,2,0,0,63.8,14,1,2025-06-30
R01936,2024-06-13,Growth,Paid Search,APAC,11-50,0,5,3,1,0,43.8,382,0,2025-06-30
R01937,2024-06-27,Scale,Organic,LATAM,1-10,0,9,4,1,0,67.2,368,0,2025-06-30
R01938,2024-08-24,Starter,Partner,North America,1-10,0,5,1,1,0,33.7,310,0,2025-06-30
R01939,2024-08-30,Growth,Paid Search,Europe,1-10,0,12,8,1,0,76.1,157,1,2025-06-30
R01940,2024-10-30,Scale,Paid Search,North America,51-200,0,10,5,0,0,72.0,173,1,2025-06-30
R01941,2024-09-12,Starter,Partner,North America,11-50,0,5,3,0,0,63.1,279,1,2025-06-30
R01942,2024-12-03,Starter,Paid Search,Europe,1-10,0,6,3,4,0,45.7,45,1,2025-06-30
R01943,2024-08-14,Starter,Organic,North America,51-200,0,8,1,2,0,62.4,74,1,2025-06-30
R01944,2024-04-19,Starter,Paid Search,North America,51-200,0,10,5,1,0,79.1,437,0,2025-06-30
R01945,2024-11-04,Growth,Organic,North America,1-10,0,7,3,1,0,43.3,238,0,2025-06-30
R01946,2024-06-20,Growth,Paid Search,APAC,11-50,0,8,7,0,0,64.0,375,0,2025-06-30
R01947,2024-12-27,Starter,Organic,North America,51-200,0,6,1,1,0,49.2,185,0,2025-06-30
R01948,2024-06-26,Scale,Organic,North America,1-10,1,10,8,0,0,80.6,369,0,2025-06-30
R01949,2024-01-07,Growth,Organic,Europe,11-50,0,11,5,1,0,65.7,540,0,2025-06-30
R01950,2024-03-29,Scale,Organic,North America,201+,0,17,5,0,0,89.2,280,1,2025-06-30
R01951,2024-11-29,Growth,Paid Search,LATAM,11-50,0,9,4,1,1,50.1,213,0,2025-06-30
R01952,2024-01-18,Scale,Outbound,North America,11-50,0,6,5,1,0,51.3,232,1,2025-06-30
R01953,2024-03-10,Starter,Paid Search,Europe,1-10,0,2,1,1,0,47.4,221,1,2025-06-30
R01954,2024-04-23,Starter,Paid Search,Europe,11-50,0,5,4,2,0,24.7,91,1,2025-06-30
R01955,2024-01-11,Starter,Partner,Europe,201+,0,5,4,1,0,31.1,88,1,2025-06-30
R01956,2024-12-13,Starter,Organic,Europe,11-50,1,11,3,1,0,58.9,199,0,2025-06-30
R01957,2024-09-19,Starter,Paid Search,Europe,11-50,0,1,3,1,0,52.2,284,0,2025-06-30
R01958,2024-04-21,Scale,Outbound,APAC,11-50,1,14,10,2,0,89.0,435,0,2025-06-30
R01959,2024-08-07,Growth,Organic,North America,201+,0,13,1,1,0,43.0,46,1,2025-06-30
R01960,2024-07-30,Starter,Partner,North America,51-200,0,1,4,0,1,33.2,278,1,2025-06-30
R01961,2024-10-04,Growth,Partner,LATAM,1-10,1,13,4,2,0,72.3,269,0,2025-06-30
R01962,2024-05-22,Growth,Paid Search,APAC,51-200,0,7,2,1,0,58.8,404,0,2025-06-30
R01963,2024-12-27,Starter,Paid Search,APAC,1-10,0,8,4,0,0,64.3,185,0,2025-06-30
R01964,2024-03-10,Growth,Paid Search,LATAM,1-10,0,10,3,1,0,55.4,107,1,2025-06-30
R01965,2024-10-26,Growth,Outbound,Europe,1-10,0,6,2,1,0,48.0,247,0,2025-06-30
R01966,2024-05-22,Starter,Paid Search,Europe,11-50,0,5,0,3,0,35.2,267,1,2025-06-30
R01967,2024-11-23,Growth,Organic,Europe,11-50,0,5,4,0,0,56.6,219,0,2025-06-30
R01968,2024-08-08,Starter,Organic,Europe,1-10,0,9,2,3,0,29.6,102,1,2025-06-30
R01969,2024-01-16,Starter,Partner,APAC,51-200,0,8,2,1,0,47.2,404,1,2025-06-30
R01970,2024-08-17,Growth,Paid Search,Europe,1-10,0,10,6,3,0,51.2,215,1,2025-06-30
R01971,2024-07-02,Scale,Paid Search,Europe,11-50,1,8,5,2,0,59.6,27,1,2025-06-30
R01972,2024-10-12,Starter,Partner,Europe,1-10,0,5,2,1,1,20.1,69,1,2025-06-30
R01973,2024-11-14,Starter,Outbound,LATAM,11-50,0,7,2,0,0,60.1,106,1,2025-06-30
R01974,2024-04-16,Scale,Paid Search,North America,11-50,1,19,5,2,0,91.2,440,0,2025-06-30
R01975,2024-05-01,Starter,Paid Search,North America,11-50,0,6,5,0,0,50.3,143,1,2025-06-30
R01976,2024-10-23,Starter,Organic,North America,1-10,0,3,3,0,0,52.7,250,0,2025-06-30
R01977,2024-06-09,Starter,Partner,Europe,11-50,0,9,5,1,0,65.5,386,0,2025-06-30
R01978,2024-11-13,Scale,Partner,North America,11-50,1,13,9,0,0,91.9,229,0,2025-06-30
R01979,2024-05-30,Growth,Paid Search,Europe,11-50,0,4,3,0,0,49.9,396,0,2025-06-30
R01980,2024-05-22,Starter,Outbound,Europe,51-200,1,10,3,0,0,74.2,404,0,2025-06-30
R01981,2024-12-22,Starter,Paid Search,Europe,1-10,0,5,0,3,0,27.7,63,1,2025-06-30
R01982,2024-02-06,Starter,Organic,LATAM,11-50,0,3,6,0,1,53.1,4,1,2025-06-30
R01983,2024-01-08,Growth,Organic,North America,201+,0,7,2,0,0,74.0,74,1,2025-06-30
R01984,2024-04-01,Starter,Organic,LATAM,11-50,0,6,1,1,0,47.4,359,1,2025-06-30
R01985,2024-06-17,Scale,Organic,North America,1-10,0,10,0,1,0,54.1,378,0,2025-06-30
R01986,2024-08-14,Growth,Partner,North America,1-10,0,5,1,0,0,53.0,320,0,2025-06-30
R01987,2024-11-26,Growth,Paid Search,LATAM,1-10,0,8,3,0,0,50.3,215,1,2025-06-30
R01988,2024-02-06,Scale,Outbound,North America,11-50,1,11,6,0,0,69.5,510,0,2025-06-30
R01989,2024-10-03,Starter,Paid Search,Europe,1-10,0,2,0,2,0,24.3,236,1,2025-06-30
R01990,2024-08-27,Starter,Partner,Europe,11-50,0,2,1,1,0,26.2,307,0,2025-06-30
R01991,2024-03-03,Growth,Paid Search,Europe,11-50,0,7,1,0,0,36.6,394,1,2025-06-30
R01992,2024-05-04,Growth,Organic,Europe,51-200,0,11,5,1,0,73.6,422,0,2025-06-30
R01993,2024-02-23,Starter,Paid Search,APAC,1-10,0,10,6,4,0,50.4,224,1,2025-06-30
R01994,2024-07-13,Starter,Paid Search,Europe,51-200,0,8,4,1,0,60.2,352,0,2025-06-30
R01995,2024-01-16,Scale,Paid Search,Europe,11-50,0,14,9,2,0,100.0,460,1,2025-06-30
R01996,2024-11-01,Growth,Paid Search,APAC,1-10,0,6,2,0,1,55.0,190,1,2025-06-30
R01997,2024-01-22,Growth,Organic,APAC,11-50,0,13,3,1,0,68.9,525,0,2025-06-30
R01998,2024-07-08,Starter,Paid Search,APAC,51-200,0,4,1,2,0,29.9,111,1,2025-06-30
R01999,2024-10-01,Starter,Partner,Europe,11-50,0,7,3,1,0,45.2,272,0,2025-06-30
R02000,2024-08-10,Starter,Partner,LATAM,1-10,0,9,3,0,0,71.0,324,0,2025-06-30
R02001,2024-02-14,Scale,Organic,LATAM,11-50,0,4,4,2,0,41.7,316,1,2025-06-30
R02002,2024-04-07,Growth,Paid Search,Europe,11-50,0,7,3,1,0,42.8,449,0,2025-06-30
R02003,2024-02-21,Growth,Partner,North America,1-10,0,8,3,2,0,62.8,202,1,2025-06-30
R02004,2024-06-26,Starter,Outbound,Europe,11-50,1,8,4,0,0,80.6,369,0,2025-06-30
R02005,2024-11-20,Starter,Outbound,North America,51-200,0,8,1,3,0,30.8,173,1,2025-06-30
R02006,2024-12-15,Growth,Paid Search,North America,1-10,0,6,4,3,0,43.0,197,0,2025-06-30
R02007,2024-06-03,Starter,Organic,Europe,11-50,0,5,5,1,0,59.0,288,1,2025-06-30
R02008,2024-07-31,Growth,Paid Search,Europe,1-10,0,11,3,0,1,53.2,32,1,2025-06-30
R02009,2024-04-10,Scale,Organic,APAC,1-10,0,14,7,0,0,82.8,446,0,2025-06-30
R02010,2024-12-08,Growth,Paid Search,LATAM,1-10,0,5,4,0,0,49.1,204,0,2025-06-30
R02011,2024-11-28,Starter,Organic,Europe,11-50,0,6,2,2,1,31.5,6,1,2025-06-30
R02012,2024-01-14,Scale,Paid Search,Europe,11-50,1,22,5,0,0,100.0,533,0,2025-06-30
R02013,2024-08-01,Starter,Paid Search,North America,1-10,0,1,4,1,0,46.3,333,0,2025-06-30
R02014,2024-09-28,Scale,Paid Search,Europe,1-10,0,13,4,2,0,62.7,275,0,2025-06-30
R02015,2024-06-20,Starter,Organic,North America,1-10,0,7,3,2,1,44.1,375,0,2025-06-30
R02016,2024-12-18,Growth,Paid Search,North America,51-200,0,11,7,1,0,88.4,194,0,2025-06-30
R02017,2024-03-20,Starter,Paid Search,Europe,51-200,0,5,1,2,0,26.1,128,1,2025-06-30
R02018,2024-03-24,Starter,Paid Search,Europe,1-10,0,6,3,3,2,19.0,44,1,2025-06-30
R02019,2024-03-02,Growth,Partner,North America,1-10,0,4,1,1,0,52.8,481,1,2025-06-30
R02020,2024-04-01,Starter,Partner,North America,51-200,0,5,1,1,0,63.5,380,1,2025-06-30
R02021,2024-02-10,Starter,Paid Search,LATAM,11-50,0,3,2,1,0,45.0,135,1,2025-06-30
R02022,2024-08-03,Growth,Organic,North America,11-50,1,15,6,0,0,99.2,331,0,2025-06-30
R02023,2024-04-27,Growth,Outbound,North America,1-10,1,11,5,0,0,85.0,429,0,2025-06-30
R02024,2024-06-12,Starter,Outbound,APAC,1-10,1,6,2,2,0,67.8,160,1,2025-06-30
R02025,2024-11-05,Growth,Organic,North America,11-50,0,14,7,1,0,71.3,237,0,2025-06-30
R02026,2024-11-09,Growth,Outbound,North America,1-10,0,4,2,1,0,57.4,233,0,2025-06-30
R02027,2024-09-08,Growth,Organic,Europe,1-10,0,7,5,1,0,60.5,145,1,2025-06-30
R02028,2024-05-13,Starter,Outbound,North America,11-50,0,5,2,1,0,44.2,300,1,2025-06-30
R02029,2024-09-26,Growth,Partner,North America,1-10,0,11,6,1,0,70.8,277,0,2025-06-30
R02030,2024-07-03,Starter,Paid Search,North America,1-10,0,2,2,0,0,46.0,120,1,2025-06-30
R02031,2024-06-06,Starter,Outbound,Europe,51-200,0,6,1,2,0,39.4,153,1,2025-06-30
R02032,2024-12-26,Growth,Partner,Europe,1-10,0,10,1,0,0,66.2,186,0,2025-06-30
R02033,2024-03-23,Starter,Outbound,LATAM,201+,0,6,1,4,0,35.2,200,1,2025-06-30
R02034,2024-10-27,Growth,Organic,Europe,201+,0,13,5,1,0,73.2,246,0,2025-06-30
R02035,2024-10-13,Starter,Partner,Europe,11-50,0,5,2,2,0,29.9,260,0,2025-06-30
R02036,2024-12-03,Growth,Organic,North America,1-10,0,8,2,3,0,31.2,40,1,2025-06-30
R02037,2024-10-08,Starter,Paid Search,North America,1-10,0,12,4,0,0,86.8,265,0,2025-06-30
R02038,2024-08-30,Starter,Paid Search,Europe,51-200,0,7,3,2,0,55.5,20,1,2025-06-30
R02039,2024-09-30,Growth,Paid Search,North America,1-10,0,8,4,1,0,56.5,197,1,2025-06-30
R02040,2024-06-04,Starter,Partner,Europe,1-10,0,8,3,4,0,40.6,76,1,2025-06-30
R02041,2024-08-02,Growth,Paid Search,North America,1-10,0,8,1,2,0,60.9,332,0,2025-06-30
R02042,2024-01-07,Starter,Organic,North America,11-50,0,7,1,2,0,53.4,279,1,2025-06-30
R02043,2024-09-21,Starter,Organic,Europe,201+,0,5,1,4,0,19.3,26,1,2025-06-30
R02044,2024-08-01,Starter,Partner,Europe,11-50,0,6,1,3,0,27.4,36,1,2025-06-30
R02045,2024-12-20,Starter,Partner,APAC,1-10,0,4,1,1,0,32.5,192,0,2025-06-30
R02046,2024-05-27,Scale,Outbound,North America,1-10,1,12,5,2,1,73.4,399,0,2025-06-30
R02047,2024-10-01,Starter,Organic,APAC,1-10,0,3,3,1,1,29.0,272,0,2025-06-30
R02048,2024-03-16,Starter,Paid Search,North America,11-50,0,5,2,0,0,34.4,471,0,2025-06-30
R02049,2024-08-09,Growth,Paid Search,North America,11-50,0,10,3,0,0,64.9,325,0,2025-06-30
R02050,2024-09-09,Growth,Organic,North America,51-200,0,7,3,0,0,70.4,34,1,2025-06-30
R02051,2024-03-14,Growth,Organic,Europe,11-50,0,7,2,1,1,38.4,42,1,2025-06-30
R02052,2024-06-13,Starter,Paid Search,APAC,1-10,0,6,3,4,0,32.1,224,1,2025-06-30
R02053,2024-04-04,Growth,Partner,North America,1-10,0,8,2,1,0,43.1,452,0,2025-06-30
R02054,2024-07-24,Starter,Organic,North America,11-50,0,6,1,0,0,46.1,97,1,2025-06-30
R02055,2024-03-08,Starter,Paid Search,North America,201+,0,2,0,3,0,22.8,263,1,2025-06-30
R02056,2024-03-29,Growth,Partner,North America,11-50,0,9,6,1,0,73.0,458,0,2025-06-30
R02057,2024-12-26,Starter,Outbound,North America,1-10,1,9,5,1,0,65.6,186,0,2025-06-30
R02058,2024-06-07,Starter,Organic,LATAM,1-10,0,7,2,2,0,55.0,83,1,2025-06-30
R02059,2024-08-17,Growth,Paid Search,North America,11-50,0,13,3,2,0,65.0,113,1,2025-06-30
R02060,2024-04-02,Starter,Paid Search,North America,1-10,0,3,5,1,0,35.3,136,1,2025-06-30
R02061,2024-10-11,Starter,Paid Search,Europe,1-10,0,9,4,1,0,69.4,79,1,2025-06-30
R02062,2024-04-17,Starter,Paid Search,North America,11-50,0,4,2,0,0,62.7,209,1,2025-06-30
R02063,2024-09-04,Growth,Paid Search,North America,11-50,0,7,1,0,0,60.8,299,0,2025-06-30
R02064,2024-10-24,Scale,Paid Search,North America,51-200,0,7,7,0,0,69.9,249,0,2025-06-30
R02065,2024-09-16,Scale,Organic,North America,1-10,0,18,16,1,0,100.0,287,0,2025-06-30
R02066,2024-08-27,Growth,Organic,Europe,11-50,0,4,0,1,0,32.5,279,1,2025-06-30
R02067,2024-07-30,Growth,Paid Search,Europe,1-10,0,9,2,0,0,59.3,335,0,2025-06-30
R02068,2024-06-19,Starter,Paid Search,North America,11-50,0,6,3,1,1,52.9,376,0,2025-06-30
R02069,2024-02-02,Growth,Partner,North America,11-50,0,5,3,0,0,41.5,514,0,2025-06-30
R02070,2024-06-15,Scale,Partner,North America,1-10,1,15,8,0,0,91.1,380,0,2025-06-30
R02071,2024-05-02,Starter,Outbound,Europe,11-50,0,4,3,1,0,44.8,424,0,2025-06-30
R02072,2024-08-29,Growth,Organic,North America,1-10,0,13,6,0,0,87.2,56,1,2025-06-30
R02073,2024-05-02,Starter,Paid Search,North America,1-10,0,9,5,0,0,47.6,38,1,2025-06-30
R02074,2024-07-13,Starter,Outbound,North America,11-50,0,5,4,2,0,44.0,155,1,2025-06-30
R02075,2024-01-28,Growth,Paid Search,LATAM,1-10,0,7,4,0,0,76.0,519,0,2025-06-30
R02076,2024-12-18,Scale,Outbound,Europe,51-200,0,7,3,0,0,68.8,194,0,2025-06-30
R02077,2024-10-25,Starter,Paid Search,APAC,51-200,0,4,0,2,0,32.7,42,1,2025-06-30
R02078,2024-09-04,Growth,Partner,Europe,11-50,0,5,1,1,0,44.4,299,0,2025-06-30
R02079,2024-10-24,Growth,Organic,Europe,1-10,0,7,2,0,0,49.6,249,0,2025-06-30
R02080,2024-08-23,Scale,Paid Search,Europe,1-10,1,12,6,0,0,98.7,311,0,2025-06-30
R02081,2024-04-01,Starter,Outbound,North America,11-50,0,6,4,1,0,65.9,248,1,2025-06-30
R02082,2024-07-05,Growth,Paid Search,North America,11-50,0,11,6,3,0,63.6,360,0,2025-06-30
R02083,2024-09-26,Starter,Organic,LATAM,11-50,0,8,5,0,0,79.4,241,1,2025-06-30
R02084,2024-08-19,Growth,Paid Search,Europe,1-10,0,9,3,0,0,47.2,315,0,2025-06-30
R02085,2024-03-30,Scale,Paid Search,Europe,51-200,1,14,5,0,0,83.0,457,0,2025-06-30
R02086,2024-11-12,Starter,Paid Search,Europe,11-50,0,6,3,0,0,44.7,93,1,2025-06-30
R02087,2024-06-24,Growth,Paid Search,LATAM,1-10,0,7,1,1,0,55.7,125,1,2025-06-30
R02088,2024-07-30,Scale,Organic,North America,1-10,1,16,8,0,0,91.6,335,0,2025-06-30
R02089,2024-05-21,Scale,Partner,APAC,1-10,1,16,12,0,0,100.0,405,0,2025-06-30
R02090,2024-02-13,Growth,Organic,North America,11-50,0,6,0,0,0,46.7,140,1,2025-06-30
R02091,2024-10-16,Growth,Partner,North America,1-10,0,5,3,0,0,64.3,4,1,2025-06-30
R02092,2024-04-11,Growth,Outbound,APAC,1-10,0,6,7,0,0,71.3,445,0,2025-06-30
R02093,2024-04-05,Starter,Partner,LATAM,11-50,0,3,1,1,0,35.7,85,1,2025-06-30
R02094,2024-09-19,Starter,Paid Search,North America,1-10,0,3,1,0,0,33.5,232,1,2025-06-30
R02095,2024-08-02,Starter,Organic,Europe,51-200,0,6,2,0,0,48.8,332,0,2025-06-30
R02096,2024-11-28,Scale,Outbound,North America,1-10,0,8,6,0,0,76.3,214,0,2025-06-30
R02097,2024-02-11,Growth,Paid Search,Europe,1-10,0,1,2,0,0,39.2,29,1,2025-06-30
R02098,2024-07-19,Starter,Paid Search,North America,51-200,1,5,1,1,0,64.5,244,1,2025-06-30
R02099,2024-07-18,Growth,Paid Search,North America,1-10,0,4,3,0,1,49.4,26,1,2025-06-30
R02100,2024-01-22,Starter,Outbound,Europe,11-50,0,6,1,0,0,38.2,136,1,2025-06-30
R02101,2024-01-13,Starter,Paid Search,North America,201+,0,5,3,2,0,39.1,18,1,2025-06-30
R02102,2024-08-29,Growth,Paid Search,North America,11-50,0,9,1,0,0,69.5,305,0,2025-06-30
R02103,2024-05-11,Starter,Organic,North America,1-10,0,8,2,2,0,47.1,415,0,2025-06-30
R02104,2024-02-24,Starter,Partner,Europe,51-200,0,3,1,2,0,39.3,210,1,2025-06-30
R02105,2024-02-05,Scale,Paid Search,North America,11-50,0,11,7,0,0,95.7,280,1,2025-06-30
R02106,2024-12-06,Starter,Paid Search,Europe,51-200,1,10,5,1,0,89.4,154,1,2025-06-30
R02107,2024-03-07,Growth,Paid Search,Europe,1-10,0,9,2,1,0,58.6,372,1,2025-06-30
R02108,2024-11-29,Starter,Paid Search,Europe,51-200,0,1,1,1,0,40.8,36,1,2025-06-30
R02109,2024-03-07,Starter,Outbound,North America,11-50,0,1,2,1,1,15.6,19,1,2025-06-30
R02110,2024-01-19,Growth,Paid Search,Europe,1-10,1,11,5,0,0,72.1,187,1,2025-06-30
R02111,2024-07-14,Starter,Organic,LATAM,11-50,0,7,2,2,0,56.7,280,1,2025-06-30
R02112,2024-03-03,Starter,Partner,Europe,1-10,1,13,4,0,1,82.3,362,1,2025-06-30
R02113,2024-08-20,Scale,Paid Search,APAC,11-50,1,7,6,2,1,62.0,40,1,2025-06-30
R02114,2024-06-06,Growth,Paid Search,North America,1-10,0,8,3,1,0,62.2,389,0,2025-06-30
R02115,2024-03-07,Growth,Outbound,APAC,11-50,1,11,4,1,0,78.6,480,0,2025-06-30
R02116,2024-11-22,Starter,Partner,North America,51-200,0,7,3,0,0,60.8,220,0,2025-06-30
R02117,2024-06-09,Growth,Paid Search,LATAM,11-50,0,4,1,0,0,36.1,386,0,2025-06-30
R02118,2024-04-04,Starter,Outbound,Europe,51-200,0,3,1,1,0,54.9,58,1,2025-06-30
R02119,2024-10-24,Starter,Partner,APAC,51-200,0,3,3,3,0,44.2,249,0,2025-06-30
R02120,2024-05-08,Scale,Paid Search,North America,1-10,0,5,3,1,0,48.1,418,0,2025-06-30
R02121,2024-08-22,Starter,Organic,Europe,11-50,0,6,4,4,0,32.7,312,0,2025-06-30
R02122,2024-07-21,Starter,Organic,APAC,1-10,0,4,2,0,0,52.2,297,1,2025-06-30
R02123,2024-04-24,Growth,Outbound,APAC,11-50,0,10,5,2,0,57.9,432,0,2025-06-30
R02124,2024-10-09,Scale,Partner,APAC,11-50,1,10,4,1,0,76.9,264,0,2025-06-30
R02125,2024-10-07,Growth,Partner,North America,201+,0,2,1,0,0,31.9,136,1,2025-06-30
R02126,2024-06-07,Starter,Outbound,North America,1-10,0,5,3,0,0,53.9,388,0,2025-06-30
R02127,2024-09-25,Growth,Partner,APAC,51-200,0,11,5,1,0,78.2,278,0,2025-06-30
R02128,2024-04-29,Starter,Partner,LATAM,11-50,1,9,3,2,0,58.5,427,0,2025-06-30
R02129,2024-10-07,Growth,Outbound,LATAM,11-50,0,13,2,4,0,47.2,231,1,2025-06-30
R02130,2024-09-27,Growth,Partner,Europe,11-50,0,8,3,0,0,66.2,276,0,2025-06-30
R02131,2024-12-02,Starter,Organic,Europe,11-50,0,7,1,1,0,37.6,210,0,2025-06-30
R02132,2024-01-11,Scale,Outbound,North America,1-10,0,8,2,1,0,56.6,536,0,2025-06-30
R02133,2024-07-04,Scale,Organic,APAC,11-50,0,12,5,1,0,76.2,361,0,2025-06-30
R02134,2024-11-29,Growth,Organic,Europe,11-50,0,10,3,2,0,46.7,185,1,2025-06-30
R02135,2024-03-12,Starter,Paid Search,APAC,1-10,0,5,0,2,1,25.6,174,1,2025-06-30
R02136,2024-02-18,Scale,Outbound,North America,11-50,1,14,8,6,0,75.3,252,1,2025-06-30
R02137,2024-04-03,Starter,Organic,LATAM,11-50,0,2,1,3,0,36.1,231,1,2025-06-30
R02138,2024-11-15,Scale,Outbound,LATAM,11-50,0,9,9,1,0,88.4,48,1,2025-06-30
R02139,2024-06-05,Starter,Organic,North America,1-10,0,7,2,0,0,59.3,390,0,2025-06-30
R02140,2024-07-17,Starter,Organic,LATAM,51-200,0,3,1,2,0,20.7,341,1,2025-06-30
R02141,2024-09-30,Growth,Organic,Europe,51-200,0,6,1,1,0,42.5,273,0,2025-06-30
R02142,2024-09-24,Starter,Paid Search,APAC,1-10,1,4,2,0,0,51.4,279,0,2025-06-30
R02143,2024-03-02,Starter,Paid Search,North America,1-10,1,6,2,1,0,63.7,485,0,2025-06-30
R02144,2024-12-23,Starter,Paid Search,Europe,1-10,0,4,1,2,0,40.6,105,1,2025-06-30
R02145,2024-06-14,Scale,Organic,Europe,1-10,1,10,3,3,0,56.8,381,0,2025-06-30
R02146,2024-06-05,Growth,Outbound,LATAM,1-10,0,5,4,1,0,44.1,390,0,2025-06-30
R02147,2024-04-10,Growth,Paid Search,Europe,51-200,1,10,3,1,0,69.5,446,0,2025-06-30
R02148,2024-01-27,Starter,Partner,Europe,51-200,1,4,0,0,0,58.9,520,0,2025-06-30
R02149,2024-11-07,Starter,Outbound,LATAM,11-50,0,8,3,1,1,36.9,151,1,2025-06-30
R02150,2024-05-08,Starter,Organic,Europe,1-10,0,4,2,2,0,39.7,418,0,2025-06-30
R02151,2024-02-15,Growth,Organic,Europe,51-200,1,9,3,0,0,75.7,174,1,2025-06-30
R02152,2024-03-03,Scale,Outbound,North America,11-50,1,6,4,2,0,65.6,484,0,2025-06-30
R02153,2024-10-21,Growth,Paid Search,Europe,11-50,1,3,0,0,0,46.2,252,0,2025-06-30
R02154,2024-03-13,Starter,Paid Search,Europe,1-10,0,8,4,3,0,49.4,63,1,2025-06-30
R02155,2024-04-07,Growth,Paid Search,North America,11-50,1,13,6,0,0,93.4,449,0,2025-06-30
R02156,2024-12-14,Starter,Organic,APAC,1-10,0,11,6,1,0,88.9,198,0,2025-06-30
R02157,2024-11-13,Starter,Paid Search,North America,11-50,1,9,3,0,0,53.3,229,0,2025-06-30
R02158,2024-07-02,Starter,Paid Search,North America,1-10,1,7,3,2,0,44.5,80,1,2025-06-30
R02159,2024-04-29,Starter,Partner,North America,11-50,0,7,1,0,0,54.5,427,0,2025-06-30
R02160,2024-12-16,Starter,Organic,APAC,1-10,0,4,4,0,0,41.3,143,1,2025-06-30
R02161,2024-10-04,Starter,Organic,Europe,11-50,0,1,1,2,0,32.0,176,1,2025-06-30
R02162,2024-09-22,Growth,Organic,North America,201+,0,10,7,2,0,67.2,281,0,2025-06-30
R02163,2024-04-11,Starter,Organic,Europe,11-50,0,6,0,2,0,36.1,385,1,2025-06-30
R02164,2024-10-14,Scale,Paid Search,North America,11-50,1,11,3,0,0,84.9,116,1,2025-06-30
R02165,2024-05-29,Growth,Outbound,APAC,51-200,0,10,5,1,0,62.3,288,1,2025-06-30
R02166,2024-05-26,Scale,Organic,Europe,1-10,1,16,6,0,0,88.6,400,0,2025-06-30
R02167,2024-02-01,Starter,Outbound,LATAM,51-200,0,7,1,2,0,49.6,515,0,2025-06-30
R02168,2024-03-09,Scale,Paid Search,Europe,51-200,0,7,4,0,0,61.7,478,0,2025-06-30
R02169,2024-10-06,Growth,Partner,North America,11-50,0,6,2,0,0,58.0,200,1,2025-06-30
R02170,2024-10-31,Scale,Outbound,LATAM,11-50,1,10,3,1,0,77.4,242,0,2025-06-30
R02171,2024-05-31,Starter,Organic,APAC,11-50,0,4,3,2,0,33.7,186,1,2025-06-30
R02172,2024-12-04,Growth,Organic,North America,51-200,0,9,2,0,0,53.9,36,1,2025-06-30
R02173,2024-04-10,Starter,Paid Search,LATAM,1-10,0,7,3,1,0,40.2,12,1,2025-06-30
R02174,2024-01-20,Growth,Paid Search,North America,51-200,0,10,5,0,1,65.2,282,1,2025-06-30
R02175,2024-03-01,Growth,Paid Search,North America,1-10,0,6,3,0,0,53.5,486,0,2025-06-30
R02176,2024-06-09,Starter,Organic,APAC,1-10,0,6,4,2,0,48.1,243,1,2025-06-30
R02177,2024-03-16,Starter,Organic,LATAM,11-50,0,3,1,2,0,44.9,86,1,2025-06-30
R02178,2024-08-01,Starter,Partner,Europe,201+,1,6,4,0,0,75.6,316,1,2025-06-30
R02179,2024-12-11,Starter,Paid Search,Europe,1-10,0,6,3,3,0,48.2,183,1,2025-06-30
R02180,2024-05-08,Starter,Organic,Europe,11-50,0,6,5,1,0,51.5,104,1,2025-06-30
R02181,2024-10-22,Growth,Organic,North America,1-10,0,9,5,0,0,66.4,25,1,2025-06-30
R02182,2024-12-20,Growth,Organic,Europe,1-10,0,11,4,0,0,56.8,11,1,2025-06-30
R02183,2024-08-13,Growth,Paid Search,Europe,11-50,0,6,2,1,0,57.4,321,0,2025-06-30
R02184,2024-03-10,Starter,Paid Search,LATAM,1-10,0,5,1,3,0,29.7,168,1,2025-06-30
R02185,2024-06-30,Growth,Outbound,APAC,51-200,0,8,3,0,0,51.4,365,0,2025-06-30
R02186,2024-03-18,Starter,Partner,North America,1-10,1,8,5,3,0,62.5,396,1,2025-06-30
R02187,2024-05-31,Scale,Partner,North America,11-50,0,13,4,3,0,45.7,395,0,2025-06-30
R02188,2024-04-07,Starter,Paid Search,LATAM,51-200,0,4,4,1,0,58.3,82,1,2025-06-30
R02189,2024-02-19,Starter,Organic,Europe,11-50,1,10,2,2,0,50.9,166,1,2025-06-30
R02190,2024-05-24,Growth,Organic,North America,11-50,0,7,3,1,0,68.9,402,0,2025-06-30
R02191,2024-07-09,Growth,Outbound,North America,11-50,0,4,1,1,0,39.9,356,0,2025-06-30
R02192,2024-10-22,Starter,Partner,Europe,51-200,0,5,2,3,1,22.1,158,1,2025-06-30
R02193,2024-12-27,Starter,Paid Search,North America,1-10,0,5,4,1,0,45.9,185,0,2025-06-30
R02194,2024-05-31,Starter,Paid Search,North America,11-50,0,6,2,1,0,54.7,395,0,2025-06-30
R02195,2024-06-24,Growth,Outbound,North America,1-10,0,9,2,0,0,81.0,115,1,2025-06-30
R02196,2024-12-21,Starter,Partner,Europe,201+,0,5,1,0,0,46.9,191,0,2025-06-30
R02197,2024-11-29,Starter,Organic,North America,201+,0,10,4,1,0,77.1,51,1,2025-06-30
R02198,2024-08-11,Growth,Partner,North America,1-10,0,8,4,0,0,60.2,323,0,2025-06-30
R02199,2024-02-12,Growth,Paid Search,APAC,11-50,0,12,0,1,0,57.2,374,1,2025-06-30
R02200,2024-07-28,Scale,Paid Search,North America,1-10,0,11,6,1,1,47.5,337,0,2025-06-30
R02201,2024-07-09,Starter,Organic,North America,1-10,0,9,3,1,0,50.2,356,0,2025-06-30
R02202,2024-03-01,Growth,Organic,North America,11-50,0,11,6,1,0,78.6,417,1,2025-06-30
R02203,2024-05-18,Starter,Paid Search,North America,51-200,0,1,2,1,0,29.3,16,1,2025-06-30
R02204,2024-03-15,Growth,Paid Search,Europe,11-50,0,6,3,1,0,47.8,190,1,2025-06-30
R02205,2024-08-26,Growth,Organic,APAC,11-50,1,10,1,1,0,69.3,20,1,2025-06-30
R02206,2024-02-04,Growth,Organic,APAC,1-10,0,13,6,0,0,83.0,512,0,2025-06-30
R02207,2024-07-24,Growth,Paid Search,Europe,51-200,0,9,3,0,0,63.8,341,1,2025-06-30
R02208,2024-08-05,Starter,Partner,North America,11-50,0,2,3,6,0,16.0,127,1,2025-06-30
R02209,2024-09-07,Growth,Paid Search,Europe,201+,0,7,2,0,0,52.6,296,0,2025-06-30
R02210,2024-09-12,Starter,Paid Search,Europe,1-10,0,5,1,0,0,46.0,50,1,2025-06-30
R02211,2024-10-11,Growth,Outbound,North America,11-50,1,9,7,2,0,87.9,262,0,2025-06-30
R02212,2024-09-09,Growth,Partner,North America,1-10,0,15,7,0,0,84.3,294,0,2025-06-30
R02213,2024-04-28,Starter,Organic,North America,1-10,1,7,2,3,0,40.0,26,1,2025-06-30
R02214,2024-01-25,Growth,Organic,LATAM,1-10,0,8,5,1,0,86.8,522,0,2025-06-30
R02215,2024-10-07,Growth,Organic,LATAM,51-200,0,5,2,1,0,53.7,60,1,2025-06-30
R02216,2024-05-10,Growth,Organic,APAC,11-50,0,11,2,0,0,62.6,236,1,2025-06-30
R02217,2024-04-07,Starter,Paid Search,Europe,11-50,0,4,4,1,0,49.6,36,1,2025-06-30
R02218,2024-04-11,Scale,Outbound,Europe,1-10,0,7,2,0,0,59.0,445,0,2025-06-30
R02219,2024-12-17,Growth,Paid Search,North America,11-50,0,5,1,1,0,40.0,41,1,2025-06-30
R02220,2024-07-26,Scale,Paid Search,North America,1-10,1,14,5,1,1,82.4,339,0,2025-06-30
R02221,2024-12-14,Starter,Paid Search,North America,11-50,0,2,1,2,0,13.1,110,1,2025-06-30
R02222,2024-04-20,Starter,Partner,Europe,11-50,0,5,1,1,0,31.6,51,1,2025-06-30
R02223,2024-08-14,Growth,Partner,North America,1-10,0,9,6,0,0,86.6,320,0,2025-06-30
R02224,2024-11-01,Starter,Paid Search,North America,1-10,0,0,2,6,0,13.1,104,1,2025-06-30
R02225,2024-12-23,Growth,Paid Search,North America,1-10,0,9,2,1,0,63.1,20,1,2025-06-30
R02226,2024-04-29,Growth,Partner,North America,1-10,1,12,5,1,0,79.8,427,0,2025-06-30
R02227,2024-07-13,Starter,Organic,North America,1-10,0,7,0,1,0,31.2,46,1,2025-06-30
R02228,2024-09-29,Starter,Organic,North America,51-200,0,5,1,1,0,32.3,140,1,2025-06-30
R02229,2024-03-04,Starter,Partner,APAC,11-50,0,5,2,0,0,46.6,207,1,2025-06-30
R02230,2024-07-05,Scale,Paid Search,Europe,51-200,0,10,1,0,0,65.8,360,0,2025-06-30
R02231,2024-07-18,Starter,Organic,Europe,201+,0,7,3,3,0,52.6,142,1,2025-06-30
R02232,2024-08-31,Starter,Organic,North America,201+,0,7,2,0,1,47.4,303,0,2025-06-30
R02233,2024-12-20,Starter,Outbound,Europe,51-200,0,3,0,2,0,33.2,192,0,2025-06-30
R02234,2024-07-31,Scale,Organic,North America,11-50,1,12,5,0,0,88.6,334,0,2025-06-30
R02235,2024-09-13,Growth,Outbound,North America,11-50,0,8,6,1,1,57.2,290,0,2025-06-30
R02236,2024-04-27,Starter,Paid Search,North America,11-50,0,3,2,0,0,43.8,325,1,2025-06-30
R02237,2024-06-15,Growth,Organic,LATAM,11-50,0,6,1,1,1,44.1,199,1,2025-06-30
R02238,2024-10-30,Starter,Outbound,APAC,1-10,0,5,3,4,0,34.3,148,1,2025-06-30
R02239,2024-10-08,Scale,Partner,LATAM,51-200,0,8,7,0,0,57.8,265,0,2025-06-30
R02240,2024-09-17,Growth,Paid Search,North America,201+,0,4,6,1,0,50.2,286,0,2025-06-30
R02241,2024-12-10,Starter,Organic,APAC,51-200,0,7,2,1,1,36.9,145,1,2025-06-30
R02242,2024-04-13,Starter,Paid Search,North America,11-50,0,7,2,1,0,54.6,90,1,2025-06-30
R02243,2024-02-13,Growth,Outbound,APAC,1-10,0,11,3,0,0,60.5,503,0,2025-06-30
R02244,2024-07-28,Scale,Organic,LATAM,51-200,1,21,7,1,0,100.0,337,0,2025-06-30
R02245,2024-08-30,Growth,Paid Search,North America,11-50,0,10,5,1,0,74.3,304,0,2025-06-30
R02246,2024-02-04,Scale,Outbound,APAC,11-50,0,6,2,0,0,49.9,512,0,2025-06-30
R02247,2024-02-05,Growth,Organic,Europe,1-10,0,8,5,0,1,67.2,428,1,2025-06-30
R02248,2024-08-01,Scale,Partner,Europe,1-10,0,7,6,0,0,61.4,333,0,2025-06-30
R02249,2024-11-16,Growth,Organic,Europe,1-10,0,10,4,1,0,75.7,226,0,2025-06-30
R02250,2024-01-14,Growth,Partner,Europe,201+,0,8,2,0,0,70.4,214,1,2025-06-30
R02251,2024-02-07,Starter,Outbound,Europe,11-50,0,7,6,1,0,53.4,163,1,2025-06-30
R02252,2024-08-29,Growth,Paid Search,APAC,1-10,0,10,3,0,0,54.0,305,0,2025-06-30
R02253,2024-08-01,Starter,Paid Search,North America,1-10,0,1,2,1,0,44.3,127,1,2025-06-30
R02254,2024-10-30,Scale,Paid Search,North America,11-50,1,15,3,0,1,68.8,29,1,2025-06-30
R02255,2024-10-30,Growth,Partner,Europe,201+,0,11,5,0,1,73.6,243,0,2025-06-30
R02256,2024-01-07,Scale,Organic,Europe,11-50,0,7,8,0,0,77.7,540,0,2025-06-30
R02257,2024-04-13,Scale,Paid Search,North America,11-50,1,17,4,1,0,85.2,443,0,2025-06-30
R02258,2024-02-04,Growth,Organic,North America,11-50,0,7,2,0,0,53.0,512,0,2025-06-30
R02259,2024-07-15,Starter,Organic,LATAM,1-10,1,4,4,0,0,67.6,235,1,2025-06-30
R02260,2024-09-29,Starter,Organic,LATAM,11-50,1,7,0,2,0,38.6,190,1,2025-06-30
R02261,2024-03-11,Starter,Paid Search,North America,1-10,0,7,5,6,0,44.6,80,1,2025-06-30
R02262,2024-09-29,Growth,Paid Search,North America,1-10,0,8,2,0,0,63.9,274,0,2025-06-30
R02263,2024-11-24,Growth,Partner,North America,11-50,0,13,7,1,0,64.4,218,0,2025-06-30
R02264,2024-09-29,Scale,Paid Search,LATAM,51-200,0,11,4,2,0,75.6,274,0,2025-06-30
R02265,2024-02-14,Growth,Organic,North America,11-50,0,3,1,0,0,38.2,10,1,2025-06-30
R02266,2024-06-19,Growth,Outbound,North America,1-10,0,10,1,1,0,60.5,376,0,2025-06-30
R02267,2024-06-05,Starter,Outbound,LATAM,11-50,0,2,2,1,0,39.6,23,1,2025-06-30
R02268,2024-09-11,Scale,Organic,Europe,201+,0,10,5,0,0,73.2,292,0,2025-06-30
R02269,2024-08-05,Scale,Paid Search,Europe,1-10,0,12,4,0,0,81.0,329,0,2025-06-30
R02270,2024-03-23,Starter,Organic,North America,1-10,0,6,0,0,0,52.1,51,1,2025-06-30
R02271,2024-07-28,Starter,Outbound,APAC,11-50,0,9,2,0,0,45.0,228,1,2025-06-30
R02272,2024-11-07,Growth,Outbound,Europe,1-10,1,10,4,0,0,81.9,235,0,2025-06-30
R02273,2024-02-01,Scale,Outbound,North America,11-50,0,9,5,1,0,76.9,515,0,2025-06-30
R02274,2024-01-19,Starter,Paid Search,North America,1-10,0,3,2,1,0,48.1,173,1,2025-06-30
R02275,2024-06-18,Starter,Organic,North America,51-200,0,10,2,1,0,42.1,327,1,2025-06-30
R02276,2024-04-18,Growth,Partner,North America,11-50,1,7,1,1,0,61.4,438,0,2025-06-30
R02277,2024-12-19,Starter,Paid Search,North America,11-50,0,5,2,3,0,36.9,41,1,2025-06-30
R02278,2024-06-01,Starter,Organic,Europe,51-200,0,9,3,0,1,42.3,394,0,2025-06-30
R02279,2024-06-28,Starter,Paid Search,LATAM,11-50,0,6,0,0,1,42.5,40,1,2025-06-30
R02280,2024-07-24,Growth,Paid Search,Europe,11-50,0,7,2,1,0,47.8,341,0,2025-06-30
R02281,2024-03-07,Starter,Outbound,APAC,11-50,1,6,2,0,0,66.3,262,1,2025-06-30
R02282,2024-07-01,Growth,Paid Search,North America,51-200,0,5,2,0,0,56.9,364,0,2025-06-30
R02283,2024-04-26,Growth,Organic,APAC,51-200,1,13,3,1,1,59.0,25,1,2025-06-30
R02284,2024-01-04,Starter,Outbound,Europe,1-10,0,4,1,2,0,31.6,243,1,2025-06-30
R02285,2024-09-02,Growth,Partner,North America,11-50,0,9,5,0,0,67.6,301,0,2025-06-30
R02286,2024-09-15,Growth,Paid Search,LATAM,51-200,0,2,2,0,0,44.3,207,1,2025-06-30
R02287,2024-01-20,Scale,Organic,LATAM,11-50,1,12,2,1,0,71.6,527,0,2025-06-30
R02288,2024-09-16,Growth,Organic,North America,1-10,0,8,3,0,0,53.8,287,0,2025-06-30
R02289,2024-01-11,Starter,Paid Search,LATAM,11-50,0,6,0,1,1,43.1,50,1,2025-06-30
R02290,2024-10-19,Starter,Organic,APAC,1-10,0,9,6,2,0,56.8,103,1,2025-06-30
R02291,2024-07-31,Starter,Partner,North America,1-10,0,8,2,1,0,53.1,334,0,2025-06-30
R02292,2024-06-10,Starter,Partner,North America,51-200,0,2,2,2,0,24.4,9,1,2025-06-30
R02293,2024-11-22,Scale,Paid Search,North America,1-10,1,7,1,0,0,69.8,220,0,2025-06-30
R02294,2024-11-26,Starter,Organic,North America,1-10,0,2,2,1,0,49.3,105,1,2025-06-30
R02295,2024-09-08,Starter,Outbound,Europe,51-200,1,6,2,1,0,52.9,229,1,2025-06-30
R02296,2024-05-23,Starter,Outbound,Europe,51-200,0,2,1,1,0,33.6,198,1,2025-06-30
R02297,2024-03-07,Starter,Organic,Europe,1-10,0,3,1,1,0,37.2,48,1,2025-06-30
R02298,2024-04-20,Starter,Organic,Europe,11-50,0,6,10,2,0,70.7,436,0,2025-06-30
R02299,2024-09-09,Starter,Organic,APAC,11-50,0,6,2,1,0,63.3,294,0,2025-06-30
R02300,2024-03-05,Starter,Organic,North America,51-200,0,7,3,4,1,30.4,21,1,2025-06-30
R02301,2024-07-07,Starter,Outbound,Europe,1-10,0,4,5,1,0,63.8,18,1,2025-06-30
R02302,2024-07-08,Starter,Paid Search,North America,11-50,0,8,4,2,0,67.1,306,1,2025-06-30
R02303,2024-09-10,Starter,Organic,North America,1-10,0,8,2,2,0,50.6,293,0,2025-06-30
R02304,2024-06-25,Scale,Organic,Europe,51-200,1,16,4,1,0,99.7,15,1,2025-06-30
R02305,2024-07-04,Starter,Organic,North America,1-10,1,8,3,0,0,72.8,361,0,2025-06-30
R02306,2024-05-07,Scale,Paid Search,Europe,11-50,0,11,6,0,0,81.4,419,0,2025-06-30
R02307,2024-04-04,Scale,Organic,Europe,1-10,0,10,5,1,0,57.6,452,0,2025-06-30
R02308,2024-05-26,Growth,Paid Search,Europe,51-200,0,4,2,1,0,53.9,400,0,2025-06-30
R02309,2024-05-31,Growth,Paid Search,LATAM,51-200,0,13,7,1,0,80.7,395,0,2025-06-30
R02310,2024-03-31,Growth,Outbound,North America,51-200,1,15,2,0,0,79.8,456,0,2025-06-30
R02311,2024-09-18,Growth,Paid Search,Europe,1-10,0,5,0,1,0,40.8,102,1,2025-06-30
R02312,2024-12-11,Growth,Outbound,Europe,11-50,1,7,4,1,0,54.6,46,1,2025-06-30
R02313,2024-06-14,Growth,Organic,North America,201+,1,6,3,1,0,64.1,381,0,2025-06-30
R02314,2024-06-21,Growth,Organic,LATAM,11-50,0,11,5,0,0,64.0,98,1,2025-06-30
R02315,2024-06-14,Growth,Organic,North America,11-50,0,10,3,0,1,47.2,80,1,2025-06-30
R02316,2024-11-09,Scale,Paid Search,Europe,11-50,1,15,4,1,0,82.1,233,0,2025-06-30
R02317,2024-04-15,Starter,Paid Search,Europe,51-200,1,7,2,2,0,64.7,441,0,2025-06-30
R02318,2024-12-16,Starter,Outbound,Europe,51-200,0,5,4,1,0,54.0,126,1,2025-06-30
R02319,2024-09-12,Starter,Outbound,Europe,201+,0,2,0,1,0,43.9,221,1,2025-06-30
R02320,2024-06-21,Starter,Outbound,Europe,1-10,0,11,4,3,0,55.5,374,0,2025-06-30
R02321,2024-07-07,Growth,Paid Search,North America,1-10,0,11,3,0,1,43.0,358,0,2025-06-30
R02322,2024-05-12,Growth,Organic,North America,1-10,0,9,2,1,0,63.9,414,0,2025-06-30
R02323,2024-03-09,Starter,Partner,APAC,51-200,0,10,4,1,0,55.4,347,1,2025-06-30
R02324,2024-07-13,Starter,Outbound,Europe,11-50,0,4,0,2,0,35.7,138,1,2025-06-30
R02325,2024-08-11,Growth,Partner,North America,201+,0,10,2,0,0,66.8,241,1,2025-06-30
R02326,2024-09-23,Growth,Organic,APAC,201+,0,15,4,1,0,55.4,280,0,2025-06-30
R02327,2024-12-11,Scale,Organic,APAC,201+,0,4,5,3,0,44.3,201,0,2025-06-30
R02328,2024-04-23,Starter,Partner,APAC,11-50,0,5,2,0,0,59.5,401,1,2025-06-30
R02329,2024-10-28,Growth,Partner,North America,51-200,0,11,5,1,0,65.5,69,1,2025-06-30
R02330,2024-06-03,Scale,Paid Search,North America,51-200,0,7,4,1,0,57.9,392,0,2025-06-30
R02331,2024-02-29,Growth,Outbound,Europe,201+,0,12,3,1,0,60.3,487,0,2025-06-30
R02332,2024-01-04,Starter,Paid Search,Europe,1-10,0,6,0,1,0,30.8,170,1,2025-06-30
R02333,2024-09-24,Starter,Paid Search,Europe,11-50,0,5,3,1,0,56.6,279,0,2025-06-30
R02334,2024-04-07,Starter,Paid Search,Europe,1-10,0,3,3,1,0,48.5,162,1,2025-06-30
R02335,2024-01-07,Starter,Organic,North America,11-50,0,4,2,2,1,24.6,46,1,2025-06-30
R02336,2024-06-13,Growth,Outbound,LATAM,1-10,0,12,4,2,0,61.0,382,0,2025-06-30
R02337,2024-04-05,Starter,Paid Search,North America,1-10,0,2,1,3,0,29.4,25,1,2025-06-30
R02338,2024-01-26,Growth,Paid Search,North America,51-200,0,7,4,1,0,49.0,521,0,2025-06-30
R02339,2024-11-10,Starter,Paid Search,APAC,1-10,0,9,7,1,0,76.9,232,0,2025-06-30
R02340,2024-06-15,Scale,Paid Search,North America,1-10,1,11,7,0,1,80.1,380,0,2025-06-30
R02341,2024-12-09,Starter,Paid Search,APAC,201+,0,4,5,1,0,37.7,36,1,2025-06-30
R02342,2024-03-22,Starter,Paid Search,North America,51-200,0,8,3,3,0,51.2,216,1,2025-06-30
R02343,2024-11-30,Starter,Organic,North America,11-50,0,3,1,1,0,43.3,212,0,2025-06-30
R02344,2024-11-08,Starter,Partner,APAC,11-50,0,4,1,0,0,45.7,234,0,2025-06-30
R02345,2024-07-23,Growth,Outbound,North America,51-200,0,10,3,0,0,62.5,166,1,2025-06-30
R02346,2024-02-13,Starter,Organic,North America,11-50,0,6,3,3,0,22.4,81,1,2025-06-30
R02347,2024-07-15,Growth,Outbound,Europe,11-50,0,7,7,0,0,64.9,350,0,2025-06-30
R02348,2024-11-24,Growth,Partner,Europe,1-10,1,17,8,0,0,100.0,218,0,2025-06-30
R02349,2024-06-16,Starter,Organic,North America,1-10,1,10,4,0,0,95.3,379,0,2025-06-30
R02350,2024-01-04,Starter,Organic,Europe,1-10,0,6,1,3,0,35.0,385,1,2025-06-30
R02351,2024-07-06,Growth,Paid Search,Europe,51-200,0,6,1,2,0,36.2,125,1,2025-06-30
R02352,2024-02-06,Starter,Organic,North America,51-200,1,11,4,0,0,71.5,510,0,2025-06-30
R02353,2024-10-07,Starter,Organic,Europe,11-50,0,7,3,2,0,51.7,6,1,2025-06-30
R02354,2024-10-18,Growth,Paid Search,North America,51-200,0,8,6,3,0,57.5,255,0,2025-06-30
R02355,2024-04-23,Starter,Partner,Europe,1-10,0,7,1,1,1,30.5,433,0,2025-06-30
R02356,2024-06-23,Starter,Paid Search,LATAM,11-50,0,7,2,2,0,45.7,129,1,2025-06-30
R02357,2024-08-31,Starter,Paid Search,LATAM,201+,0,2,1,2,0,22.7,15,1,2025-06-30
R02358,2024-08-10,Starter,Organic,Europe,1-10,0,10,5,2,0,56.8,247,1,2025-06-30
R02359,2024-05-28,Starter,Partner,North America,11-50,1,5,5,2,0,48.8,398,0,2025-06-30
R02360,2024-10-02,Starter,Organic,APAC,11-50,0,5,2,2,0,56.8,7,1,2025-06-30
R02361,2024-10-26,Scale,Partner,North America,51-200,0,9,9,0,0,94.5,247,0,2025-06-30
R02362,2024-03-29,Growth,Partner,Europe,201+,0,3,2,1,0,39.9,458,0,2025-06-30
R02363,2024-01-17,Scale,Organic,North America,11-50,0,15,4,0,0,76.0,279,1,2025-06-30
R02364,2024-10-11,Starter,Organic,North America,11-50,0,5,0,1,0,41.8,262,0,2025-06-30
R02365,2024-02-15,Starter,Partner,Europe,1-10,1,9,2,0,0,63.3,210,1,2025-06-30
R02366,2024-11-06,Starter,Outbound,APAC,1-10,1,9,3,5,0,42.8,236,0,2025-06-30
R02367,2024-12-15,Growth,Organic,North America,11-50,0,12,3,0,0,58.3,152,1,2025-06-30
R02368,2024-11-19,Starter,Paid Search,North America,51-200,0,5,1,4,0,29.3,67,1,2025-06-30
R02369,2024-02-06,Growth,Organic,APAC,1-10,1,17,5,0,0,100.0,510,0,2025-06-30
R02370,2024-01-03,Growth,Paid Search,APAC,1-10,0,5,0,1,0,36.9,201,1,2025-06-30
R02371,2024-07-14,Scale,Organic,North America,11-50,0,7,2,1,0,51.1,351,0,2025-06-30
R02372,2024-12-17,Growth,Organic,Europe,11-50,0,10,3,0,0,81.5,195,0,2025-06-30
R02373,2024-08-09,Starter,Paid Search,APAC,51-200,0,3,0,1,0,35.2,22,1,2025-06-30
R02374,2024-02-07,Starter,Outbound,Europe,201+,0,4,2,2,0,32.3,84,1,2025-06-30
R02375,2024-10-07,Starter,Outbound,LATAM,1-10,0,5,0,2,0,40.2,128,1,2025-06-30
R02376,2024-04-24,Growth,Paid Search,LATAM,201+,1,8,6,0,0,50.0,432,0,2025-06-30
R02377,2024-10-24,Scale,Organic,North America,11-50,1,11,4,0,0,74.6,249,0,2025-06-30
R02378,2024-02-12,Growth,Paid Search,Europe,11-50,0,11,7,0,0,90.3,504,0,2025-06-30
R02379,2024-05-06,Growth,Organic,Europe,1-10,0,10,4,0,0,63.6,420,0,2025-06-30
R02380,2024-05-15,Scale,Outbound,Europe,11-50,0,9,2,0,1,58.3,411,0,2025-06-30
R02381,2024-01-07,Growth,Organic,North America,11-50,0,15,9,0,0,84.8,540,0,2025-06-30
R02382,2024-01-16,Starter,Outbound,North America,11-50,1,8,5,1,0,55.1,531,0,2025-06-30
R02383,2024-01-14,Starter,Partner,Europe,11-50,0,5,1,1,0,46.7,105,1,2025-06-30
R02384,2024-05-04,Growth,Paid Search,North America,1-10,1,8,1,3,0,45.4,41,1,2025-06-30
R02385,2024-11-18,Starter,Partner,North America,1-10,1,6,1,2,0,43.4,224,0,2025-06-30
R02386,2024-04-03,Starter,Organic,North America,51-200,0,2,2,1,0,39.8,96,1,2025-06-30
R02387,2024-10-26,Growth,Organic,North America,11-50,0,3,1,0,0,40.2,247,0,2025-06-30
R02388,2024-03-11,Growth,Partner,Europe,11-50,0,9,4,0,0,49.7,476,0,2025-06-30
R02389,2024-09-21,Starter,Outbound,LATAM,1-10,0,4,2,2,0,23.6,233,1,2025-06-30
R02390,2024-11-20,Starter,Organic,North America,51-200,0,5,3,3,0,53.5,222,0,2025-06-30
R02391,2024-07-30,Growth,Organic,Europe,1-10,0,4,2,0,0,55.5,335,0,2025-06-30
R02392,2024-02-19,Starter,Paid Search,Europe,1-10,0,6,1,1,1,29.1,151,1,2025-06-30
R02393,2024-05-03,Growth,Paid Search,LATAM,1-10,0,7,6,0,0,59.0,276,1,2025-06-30
R02394,2024-07-18,Growth,Organic,North America,51-200,0,7,3,1,0,41.5,241,1,2025-06-30
R02395,2024-04-23,Starter,Organic,North America,11-50,0,6,4,2,0,47.8,112,1,2025-06-30
R02396,2024-04-01,Starter,Organic,Europe,11-50,0,6,2,1,0,64.2,302,1,2025-06-30
R02397,2024-02-22,Growth,Organic,LATAM,1-10,0,11,1,3,0,47.1,333,1,2025-06-30
R02398,2024-05-12,Starter,Organic,North America,201+,0,3,1,0,0,30.5,313,1,2025-06-30
R02399,2024-02-05,Scale,Partner,Europe,1-10,0,10,5,1,0,59.0,511,0,2025-06-30
R02400,2024-06-12,Starter,Organic,North America,11-50,0,6,6,1,0,75.9,355,1,2025-06-30
R02401,2024-06-01,Scale,Paid Search,North America,11-50,1,15,5,1,0,92.1,394,0,2025-06-30
R02402,2024-07-10,Growth,Partner,North America,51-200,1,10,5,1,0,70.2,355,0,2025-06-30
R02403,2024-09-05,Starter,Outbound,North America,51-200,0,7,1,1,0,61.1,108,1,2025-06-30
R02404,2024-11-15,Starter,Organic,Europe,11-50,0,7,5,2,0,45.9,193,1,2025-06-30
R02405,2024-07-25,Scale,Outbound,APAC,1-10,0,14,4,0,0,78.4,340,0,2025-06-30
R02406,2024-09-21,Starter,Partner,LATAM,1-10,1,6,5,4,1,38.3,191,1,2025-06-30
R02407,2024-03-27,Starter,Paid Search,Europe,11-50,1,7,4,2,0,47.7,425,1,2025-06-30
R02408,2024-11-25,Starter,Outbound,APAC,51-200,0,5,1,2,1,30.1,55,1,2025-06-30
R02409,2024-01-22,Scale,Partner,LATAM,11-50,1,11,3,1,0,69.5,525,0,2025-06-30
R02410,2024-03-16,Growth,Partner,Europe,11-50,1,14,3,3,0,66.5,471,0,2025-06-30
R02411,2024-05-11,Starter,Organic,LATAM,11-50,1,8,2,2,0,50.7,118,1,2025-06-30
R02412,2024-03-08,Starter,Partner,Europe,11-50,0,5,3,0,0,50.2,6,1,2025-06-30
R02413,2024-01-16,Growth,Paid Search,Europe,11-50,0,14,6,2,0,81.1,531,0,2025-06-30
R02414,2024-10-12,Starter,Organic,APAC,51-200,0,8,3,1,0,62.4,165,1,2025-06-30
R02415,2024-10-11,Starter,Outbound,North America,11-50,0,7,5,1,1,51.0,262,0,2025-06-30
R02416,2024-01-02,Starter,Outbound,North America,1-10,0,4,0,3,0,26.2,97,1,2025-06-30
R02417,2024-11-30,Starter,Organic,North America,1-10,0,0,1,0,0,51.5,212,0,2025-06-30
R02418,2024-02-18,Starter,Outbound,LATAM,51-200,0,2,2,1,1,21.8,71,1,2025-06-30
R02419,2024-10-14,Growth,Outbound,North America,11-50,0,7,2,1,0,47.8,68,1,2025-06-30
R02420,2024-09-18,Growth,Outbound,North America,201+,0,3,0,0,0,36.1,201,1,2025-06-30
R02421,2024-12-30,Growth,Partner,North America,11-50,0,8,4,1,0,64.0,182,0,2025-06-30
R02422,2024-01-05,Scale,Paid Search,Europe,201+,1,10,5,2,0,67.4,134,1,2025-06-30
R02423,2024-01-27,Starter,Organic,North America,1-10,0,5,1,2,0,40.3,178,1,2025-06-30
R02424,2024-10-29,Scale,Partner,LATAM,11-50,0,6,2,2,0,43.3,244,0,2025-06-30
R02425,2024-12-26,Starter,Paid Search,North America,1-10,0,4,0,1,0,62.2,186,0,2025-06-30
R02426,2024-08-19,Starter,Outbound,North America,51-200,0,7,3,1,0,48.8,315,0,2025-06-30
R02427,2024-05-05,Growth,Organic,North America,11-50,1,12,4,1,1,73.7,421,0,2025-06-30
R02428,2024-08-20,Starter,Organic,APAC,11-50,0,6,1,3,0,24.4,95,1,2025-06-30
R02429,2024-06-16,Growth,Outbound,LATAM,51-200,0,7,5,2,1,56.1,379,0,2025-06-30
R02430,2024-07-25,Growth,Paid Search,North America,11-50,0,11,3,1,0,48.5,340,0,2025-06-30
R02431,2024-12-01,Starter,Paid Search,APAC,11-50,0,5,0,0,0,49.2,9,1,2025-06-30
R02432,2024-10-10,Scale,Organic,North America,51-200,1,10,2,1,0,68.4,263,0,2025-06-30
R02433,2024-01-01,Starter,Outbound,North America,1-10,0,12,3,3,1,39.2,142,1,2025-06-30
R02434,2024-03-30,Growth,Paid Search,APAC,1-10,0,10,3,0,0,55.9,85,1,2025-06-30
R02435,2024-03-04,Starter,Outbound,Europe,51-200,0,4,4,2,0,50.4,424,1,2025-06-30
R02436,2024-11-22,Scale,Organic,Europe,1-10,0,12,3,1,0,54.5,220,0,2025-06-30
R02437,2024-09-12,Growth,Paid Search,North America,1-10,0,4,6,0,0,58.0,84,1,2025-06-30
R02438,2024-04-05,Starter,Outbound,Europe,201+,0,3,0,0,0,50.9,83,1,2025-06-30
R02439,2024-02-09,Growth,Organic,LATAM,11-50,0,9,3,0,0,82.3,507,0,2025-06-30
R02440,2024-09-22,Starter,Organic,North America,1-10,0,8,0,3,0,40.5,175,1,2025-06-30
R02441,2024-02-06,Starter,Organic,Europe,11-50,0,8,3,2,0,44.8,52,1,2025-06-30
R02442,2024-06-28,Growth,Organic,APAC,1-10,0,7,2,0,0,42.1,367,0,2025-06-30
R02443,2024-10-25,Growth,Paid Search,Europe,11-50,0,8,3,0,1,46.9,33,1,2025-06-30
R02444,2024-10-06,Starter,Paid Search,Europe,201+,0,2,1,1,0,36.8,89,1,2025-06-30
R02445,2024-08-26,Starter,Paid Search,North America,11-50,1,6,7,2,0,68.5,308,0,2025-06-30
R02446,2024-01-16,Scale,Outbound,APAC,201+,1,14,3,0,0,75.8,531,0,2025-06-30
R02447,2024-08-24,Starter,Organic,North America,1-10,0,4,0,1,0,46.4,262,1,2025-06-30
R02448,2024-01-14,Growth,Paid Search,North America,1-10,0,6,3,1,0,59.4,39,1,2025-06-30
R02449,2024-01-01,Growth,Organic,North America,201+,0,10,3,2,0,50.2,348,1,2025-06-30
R02450,2024-10-21,Starter,Paid Search,Europe,51-200,0,3,2,1,0,36.7,7,1,2025-06-30
R02451,2024-12-06,Growth,Partner,Europe,1-10,0,13,4,1,0,68.4,206,0,2025-06-30
R02452,2024-10-21,Starter,Organic,North America,1-10,0,5,1,3,1,8.3,62,1,2025-06-30
R02453,2024-06-16,Growth,Partner,North America,11-50,0,5,3,0,0,49.3,31,1,2025-06-30
R02454,2024-09-22,Scale,Organic,Europe,51-200,0,5,5,0,0,64.0,281,0,2025-06-30
R02455,2024-12-13,Growth,Paid Search,Europe,1-10,0,9,2,0,0,68.3,199,0,2025-06-30
R02456,2024-11-03,Starter,Paid Search,North America,11-50,0,9,3,1,0,70.9,239,0,2025-06-30
R02457,2024-06-21,Starter,Organic,Europe,201+,0,6,2,0,0,53.8,374,0,2025-06-30
R02458,2024-04-27,Starter,Paid Search,APAC,1-10,0,5,3,2,1,29.4,52,1,2025-06-30
R02459,2024-06-17,Starter,Partner,North America,11-50,0,6,4,3,0,44.2,378,0,2025-06-30
R02460,2024-01-20,Growth,Organic,Europe,11-50,0,10,5,0,0,60.9,527,0,2025-06-30
R02461,2024-12-29,Growth,Organic,North America,201+,0,13,5,2,0,60.4,183,0,2025-06-30
R02462,2024-07-26,Scale,Outbound,Europe,1-10,1,15,5,0,0,96.1,339,0,2025-06-30
R02463,2024-11-30,Scale,Organic,LATAM,11-50,0,12,5,0,0,70.6,212,0,2025-06-30
R02464,2024-11-01,Growth,Organic,Europe,1-10,0,6,1,0,1,60.3,241,0,2025-06-30
R02465,2024-04-15,Starter,Partner,North America,11-50,0,5,2,4,0,20.4,111,1,2025-06-30
R02466,2024-10-09,Growth,Partner,North America,1-10,0,3,3,0,0,44.3,264,0,2025-06-30
R02467,2024-11-02,Starter,Partner,LATAM,201+,1,6,3,2,0,47.6,240,0,2025-06-30
R02468,2024-12-22,Growth,Partner,North America,11-50,1,16,3,2,0,71.6,190,0,2025-06-30
R02469,2024-02-16,Growth,Organic,Europe,11-50,0,12,1,1,0,54.1,500,0,2025-06-30
R02470,2024-04-09,Starter,Partner,LATAM,51-200,0,2,0,2,0,15.2,447,0,2025-06-30
R02471,2024-09-17,Scale,Outbound,North America,51-200,0,7,3,0,0,59.2,286,0,2025-06-30
R02472,2024-04-26,Growth,Outbound,APAC,11-50,0,15,5,0,0,77.5,430,0,2025-06-30
R02473,2024-11-20,Scale,Paid Search,North America,11-50,0,10,4,1,1,38.4,222,0,2025-06-30
R02474,2024-01-03,Growth,Partner,North America,51-200,0,8,4,0,0,75.0,141,1,2025-06-30
R02475,2024-08-04,Starter,Organic,LATAM,11-50,0,7,1,4,0,29.1,106,1,2025-06-30
R02476,2024-07-14,Growth,Organic,APAC,11-50,0,8,8,0,0,88.4,222,1,2025-06-30
R02477,2024-02-21,Starter,Organic,Europe,1-10,0,8,4,2,0,48.1,391,1,2025-06-30
R02478,2024-08-13,Starter,Organic,Europe,11-50,0,12,6,1,0,70.4,78,1,2025-06-30
R02479,2024-05-13,Starter,Paid Search,APAC,51-200,0,7,6,2,0,71.4,329,1,2025-06-30
R02480,2024-06-30,Growth,Paid Search,North America,11-50,0,8,4,0,0,58.5,249,1,2025-06-30
R02481,2024-01-21,Scale,Partner,North America,1-10,1,17,7,0,0,100.0,526,0,2025-06-30
R02482,2024-01-31,Scale,Organic,Europe,11-50,1,15,4,0,0,94.6,516,0,2025-06-30
R02483,2024-11-04,Starter,Outbound,North America,11-50,0,7,4,0,0,83.5,238,0,2025-06-30
R02484,2024-09-01,Scale,Organic,North America,1-10,1,11,6,1,0,77.9,302,0,2025-06-30
R02485,2024-09-15,Scale,Paid Search,Europe,51-200,0,15,3,1,1,70.8,287,1,2025-06-30
R02486,2024-02-11,Scale,Paid Search,North America,1-10,0,14,6,0,0,70.2,289,1,2025-06-30
R02487,2024-09-01,Starter,Paid Search,Europe,1-10,1,6,1,0,0,70.5,302,0,2025-06-30
R02488,2024-02-05,Growth,Outbound,North America,51-200,0,6,2,3,0,47.1,511,0,2025-06-30
R02489,2024-05-12,Growth,Outbound,North America,1-10,0,7,1,1,0,56.1,79,1,2025-06-30
R02490,2024-09-22,Scale,Paid Search,North America,11-50,0,8,7,0,0,67.9,164,1,2025-06-30
R02491,2024-06-15,Starter,Organic,APAC,201+,0,7,3,0,0,48.7,282,1,2025-06-30
R02492,2024-02-11,Starter,Organic,North America,51-200,0,5,1,1,0,52.7,356,1,2025-06-30
R02493,2024-03-09,Starter,Partner,APAC,1-10,0,5,0,2,0,46.0,175,1,2025-06-30
R02494,2024-04-05,Starter,Paid Search,Europe,11-50,1,7,0,1,0,59.4,72,1,2025-06-30
R02495,2024-08-18,Starter,Outbound,Europe,1-10,0,6,1,3,0,47.0,304,1,2025-06-30
R02496,2024-02-14,Starter,Outbound,Europe,1-10,0,5,7,3,1,32.7,299,1,2025-06-30
R02497,2024-05-22,Scale,Paid Search,APAC,1-10,0,12,7,0,0,86.0,404,0,2025-06-30
R02498,2024-06-11,Growth,Organic,North America,1-10,0,10,4,0,0,64.2,344,1,2025-06-30
R02499,2024-11-23,Starter,Partner,North America,51-200,0,6,3,1,0,50.7,46,1,2025-06-30
R02500,2024-02-10,Starter,Outbound,North America,51-200,0,8,1,0,0,47.5,24,1,2025-06-30
R02501,2024-10-03,Growth,Outbound,Europe,1-10,0,16,10,0,0,98.4,270,0,2025-06-30
R02502,2024-10-03,Growth,Outbound,North America,11-50,0,14,1,1,0,64.1,270,0,2025-06-30
R02503,2024-08-21,Starter,Outbound,Europe,1-10,1,9,6,0,0,64.0,313,0,2025-06-30
R02504,2024-10-23,Starter,Outbound,North America,11-50,0,2,3,2,0,30.2,88,1,2025-06-30
R02505,2024-06-16,Growth,Paid Search,Europe,1-10,0,10,2,1,0,58.1,135,1,2025-06-30
R02506,2024-01-10,Starter,Organic,North America,1-10,1,7,3,4,0,51.8,537,0,2025-06-30
R02507,2024-04-13,Growth,Paid Search,Europe,1-10,0,4,4,1,0,38.0,443,0,2025-06-30
R02508,2024-03-16,Growth,Organic,Europe,11-50,0,10,3,0,0,55.2,471,0,2025-06-30
R02509,2024-09-06,Scale,Partner,Europe,11-50,1,9,2,1,0,64.6,297,0,2025-06-30
R02510,2024-11-23,Growth,Paid Search,North America,201+,0,4,4,3,0,33.3,193,1,2025-06-30
R02511,2024-01-28,Growth,Outbound,LATAM,201+,0,9,3,1,0,74.5,519,0,2025-06-30
R02512,2024-01-14,Growth,Organic,APAC,1-10,0,8,1,0,0,39.8,533,0,2025-06-30
R02513,2024-02-11,Growth,Outbound,Europe,51-200,1,7,6,0,0,64.7,505,0,2025-06-30
R02514,2024-04-19,Growth,Paid Search,Europe,11-50,1,8,5,1,0,59.5,437,0,2025-06-30
R02515,2024-10-23,Scale,Partner,LATAM,11-50,1,9,5,1,1,75.1,250,0,2025-06-30
R02516,2024-02-18,Starter,Outbound,APAC,1-10,0,5,2,1,0,36.5,481,1,2025-06-30
R02517,2024-05-17,Growth,Organic,North America,51-200,0,14,7,0,0,92.8,409,0,2025-06-30
R02518,2024-02-27,Starter,Outbound,LATAM,1-10,0,3,2,3,0,38.4,86,1,2025-06-30
R02519,2024-02-16,Starter,Organic,North America,11-50,0,4,1,3,0,22.8,100,1,2025-06-30
R02520,2024-09-06,Scale,Outbound,North America,1-10,1,9,4,0,0,61.0,297,0,2025-06-30
R02521,2024-12-05,Scale,Partner,LATAM,11-50,1,14,5,1,0,82.4,27,1,2025-06-30
R02522,2024-03-23,Starter,Organic,Europe,11-50,0,4,4,3,0,47.0,343,1,2025-06-30
R02523,2024-03-23,Starter,Organic,LATAM,1-10,0,10,1,3,0,49.5,348,1,2025-06-30
R02524,2024-06-07,Scale,Paid Search,Europe,1-10,1,11,4,1,0,84.3,366,1,2025-06-30
R02525,2024-03-01,Growth,Organic,Europe,11-50,0,7,4,0,0,49.5,486,0,2025-06-30
R02526,2024-02-28,Starter,Partner,North America,11-50,0,4,0,1,2,29.5,31,1,2025-06-30
R02527,2024-01-07,Starter,Paid Search,Europe,11-50,0,6,2,0,0,51.2,207,1,2025-06-30
R02528,2024-04-19,Growth,Outbound,Europe,1-10,0,11,2,2,0,43.7,147,1,2025-06-30
R02529,2024-06-01,Growth,Organic,North America,1-10,0,10,4,1,0,70.5,394,0,2025-06-30
R02530,2024-11-23,Growth,Organic,APAC,11-50,0,7,1,2,0,54.1,190,1,2025-06-30
R02531,2024-02-09,Starter,Outbound,Europe,11-50,0,5,2,2,0,29.6,109,1,2025-06-30
R02532,2024-09-23,Starter,Partner,Europe,1-10,0,3,3,1,0,41.7,280,0,2025-06-30
R02533,2024-10-26,Growth,Organic,North America,51-200,0,3,3,1,0,58.6,247,0,2025-06-30
R02534,2024-03-14,Starter,Outbound,North America,51-200,0,3,1,1,0,36.2,68,1,2025-06-30
R02535,2024-02-21,Starter,Organic,North America,51-200,1,8,4,2,0,54.6,17,1,2025-06-30
R02536,2024-01-21,Growth,Paid Search,Europe,1-10,0,15,4,0,0,81.2,526,0,2025-06-30
R02537,2024-04-09,Growth,Partner,North America,11-50,0,4,4,1,0,44.9,447,0,2025-06-30
R02538,2024-04-25,Growth,Outbound,Europe,11-50,0,9,3,1,0,61.6,431,0,2025-06-30
R02539,2024-10-28,Starter,Partner,Europe,51-200,0,1,3,1,0,26.1,161,1,2025-06-30
R02540,2024-08-19,Starter,Outbound,North America,1-10,0,4,3,2,0,36.6,315,0,2025-06-30
R02541,2024-01-24,Growth,Outbound,North America,1-10,0,9,1,2,0,53.9,523,0,2025-06-30
R02542,2024-08-05,Growth,Organic,Europe,51-200,0,9,6,0,0,79.1,329,0,2025-06-30
R02543,2024-03-02,Starter,Paid Search,North America,11-50,1,6,2,2,1,45.1,485,0,2025-06-30
R02544,2024-11-20,Scale,Organic,North America,201+,0,15,8,1,0,91.8,152,1,2025-06-30
R02545,2024-09-25,Starter,Organic,North America,1-10,0,12,6,1,0,83.2,278,0,2025-06-30
R02546,2024-06-10,Growth,Organic,North America,1-10,0,10,2,0,0,68.7,385,0,2025-06-30
R02547,2024-10-10,Scale,Outbound,Europe,51-200,1,16,5,0,0,87.4,263,0,2025-06-30
R02548,2024-08-14,Scale,Organic,Europe,11-50,0,11,8,0,0,85.5,104,1,2025-06-30
R02549,2024-10-17,Growth,Partner,Europe,1-10,0,4,1,1,1,26.9,256,0,2025-06-30
R02550,2024-02-27,Growth,Organic,North America,51-200,1,9,3,1,0,63.9,489,0,2025-06-30
R02551,2024-10-18,Growth,Outbound,LATAM,1-10,1,13,5,1,0,66.3,255,0,2025-06-30
R02552,2024-07-11,Growth,Paid Search,Europe,201+,0,6,3,3,0,54.8,354,0,2025-06-30
R02553,2024-12-27,Starter,Organic,North America,11-50,0,2,0,1,0,40.5,163,1,2025-06-30
R02554,2024-07-04,Scale,Partner,Europe,1-10,0,11,5,2,0,69.6,361,0,2025-06-30
R02555,2024-05-19,Growth,Organic,North America,1-10,0,10,2,0,0,72.2,407,0,2025-06-30
R02556,2024-01-27,Growth,Outbound,North America,201+,1,14,3,0,0,85.7,520,0,2025-06-30
R02557,2024-09-01,Starter,Paid Search,North America,51-200,0,5,0,0,0,48.5,226,1,2025-06-30
R02558,2024-11-23,Growth,Organic,Europe,11-50,1,15,2,1,0,71.2,219,0,2025-06-30
R02559,2024-08-22,Starter,Organic,APAC,11-50,0,14,4,3,0,60.8,259,1,2025-06-30
R02560,2024-02-06,Starter,Organic,Europe,1-10,0,3,2,1,0,40.8,358,1,2025-06-30
R02561,2024-05-11,Growth,Paid Search,Europe,51-200,0,11,3,2,0,69.6,4,1,2025-06-30
R02562,2024-04-16,Growth,Paid Search,APAC,1-10,1,6,2,1,0,45.6,440,0,2025-06-30
R02563,2024-02-28,Starter,Organic,North America,11-50,0,4,1,2,0,28.4,54,1,2025-06-30
R02564,2024-07-19,Starter,Partner,North America,1-10,0,7,2,3,0,36.6,11,1,2025-06-30
R02565,2024-06-11,Starter,Organic,North America,11-50,0,4,3,0,0,45.4,362,1,2025-06-30
R02566,2024-08-08,Starter,Partner,Europe,11-50,0,3,1,3,0,20.0,33,1,2025-06-30
R02567,2024-02-26,Scale,Partner,North America,1-10,0,12,1,0,0,61.8,490,0,2025-06-30
R02568,2024-05-05,Starter,Organic,Europe,51-200,1,12,4,0,0,69.9,421,0,2025-06-30
R02569,2024-08-06,Starter,Paid Search,APAC,1-10,0,7,1,1,0,46.1,240,1,2025-06-30
R02570,2024-01-12,Scale,Organic,North America,1-10,0,14,4,1,0,74.2,535,0,2025-06-30
R02571,2024-11-09,Growth,Paid Search,North America,11-50,0,7,1,0,1,56.6,222,1,2025-06-30
R02572,2024-09-21,Growth,Organic,Europe,51-200,1,8,3,0,0,60.9,39,1,2025-06-30
R02573,2024-03-03,Growth,Outbound,Europe,1-10,0,11,4,0,1,44.8,484,0,2025-06-30
R02574,2024-07-21,Starter,Paid Search,North America,11-50,0,8,5,1,0,60.4,344,0,2025-06-30
R02575,2024-11-03,Scale,Organic,LATAM,11-50,0,10,2,1,1,45.7,235,1,2025-06-30
R02576,2024-04-27,Growth,Organic,Europe,11-50,0,8,2,0,0,46.4,429,0,2025-06-30
R02577,2024-11-03,Starter,Organic,North America,51-200,0,6,3,0,0,57.0,239,0,2025-06-30
R02578,2024-12-17,Growth,Organic,Europe,201+,0,6,2,2,0,38.9,184,1,2025-06-30
R02579,2024-05-25,Growth,Paid Search,Europe,11-50,0,5,4,1,0,53.4,180,1,2025-06-30
R02580,2024-03-17,Scale,Paid Search,North America,51-200,1,12,6,0,0,100.0,470,0,2025-06-30
R02581,2024-10-06,Starter,Paid Search,Europe,1-10,0,4,1,1,1,49.0,89,1,2025-06-30
R02582,2024-12-11,Starter,Paid Search,LATAM,1-10,1,6,4,0,0,71.2,201,0,2025-06-30
R02583,2024-03-04,Starter,Partner,Europe,1-10,0,8,4,1,0,67.6,165,1,2025-06-30
R02584,2024-07-11,Starter,Organic,North America,201+,1,10,4,1,1,74.5,354,0,2025-06-30
R02585,2024-04-25,Starter,Paid Search,LATAM,11-50,0,4,2,4,0,31.4,56,1,2025-06-30
R02586,2024-09-19,Growth,Organic,North America,201+,1,8,3,1,0,63.9,284,0,2025-06-30
R02587,2024-05-02,Starter,Paid Search,North America,1-10,0,5,3,1,0,41.3,424,0,2025-06-30
R02588,2024-03-23,Starter,Organic,APAC,1-10,0,5,4,2,0,52.5,62,1,2025-06-30
R02589,2024-10-12,Starter,Partner,North America,11-50,1,7,5,2,0,55.6,25,1,2025-06-30
R02590,2024-06-22,Growth,Outbound,North America,11-50,0,12,3,2,0,56.7,213,1,2025-06-30
R02591,2024-03-15,Scale,Paid Search,LATAM,51-200,0,10,6,2,0,56.6,253,1,2025-06-30
R02592,2024-12-17,Starter,Outbound,Europe,51-200,0,8,4,2,1,53.8,111,1,2025-06-30
R02593,2024-02-19,Growth,Paid Search,Europe,11-50,0,11,5,0,0,76.1,497,0,2025-06-30
R02594,2024-06-12,Growth,Organic,Europe,11-50,0,8,4,1,0,58.3,383,0,2025-06-30
R02595,2024-01-27,Starter,Organic,APAC,1-10,0,12,5,2,0,65.1,520,0,2025-06-30
R02596,2024-10-05,Scale,Organic,Europe,51-200,0,11,5,0,0,71.5,167,1,2025-06-30
R02597,2024-05-21,Growth,Organic,North America,51-200,0,8,2,1,0,47.1,335,1,2025-06-30
R02598,2024-10-10,Starter,Paid Search,APAC,51-200,1,7,1,1,0,53.9,263,0,2025-06-30
R02599,2024-01-30,Starter,Paid Search,North America,11-50,0,6,2,0,0,58.3,63,1,2025-06-30
R02600,2024-12-03,Starter,Partner,Europe,11-50,1,5,3,1,0,59.7,209,0,2025-06-30
